activity_id,viewer_id,movie_id,watch_date,watch_duration_mins,completed,device
1,175,9,2024-07-23,178,True,Desktop
2,111,4,2025-02-27,147,True,Desktop
3,42,46,2025-01-06,103,False,Smart TV
4,21,41,2024-07-23,85,True,Smart TV
5,158,33,2024-06-07,58,True,Desktop
6,44,47,2024-06-26,101,False,Mobile
7,8,1,2025-04-11,68,False,Tablet
8,159,32,2024-06-14,154,True,Smart TV
9,124,44,2024-10-06,91,True,Mobile
10,41,31,2024-09-06,67,True,Desktop
11,81,21,2024-11-06,117,True,Smart TV
12,132,21,2024-12-29,134,True,Tablet
13,64,1,2025-04-22,113,False,Tablet
14,64,11,2024-11-15,162,False,Desktop
15,196,1,2025-04-16,93,True,Mobile
16,101,16,2025-01-11,164,True,Mobile
17,73,42,2024-05-22,135,True,Mobile
18,28,17,2024-10-26,118,True,Tablet
19,14,13,2024-10-28,156,True,Tablet
20,130,36,2024-12-09,174,False,Mobile
21,33,26,2024-10-22,101,True,Smart TV
22,194,1,2025-04-15,25,True,Desktop
23,183,31,2024-08-09,131,True,Desktop
24,84,21,2025-02-07,115,False,Smart TV
25,152,33,2024-08-02,140,False,Smart TV
26,122,24,2024-11-13,43,False,Smart TV
27,186,41,2025-04-18,167,True,Desktop
28,185,1,2025-04-26,149,True,Tablet
29,38,16,2025-04-15,161,False,Mobile
30,49,1,2025-04-18,53,True,Desktop
31,106,40,2024-09-02,30,False,Desktop
32,144,43,2024-08-30,149,True,Desktop
33,118,22,2024-07-26,105,False,Smart TV
34,157,16,2024-12-10,157,True,Smart TV
35,198,14,2024-05-13,140,True,Smart TV
36,144,47,2024-12-12,88,True,Tablet
37,102,50,2025-02-16,89,True,Mobile
38,89,42,2024-12-21,137,True,Smart TV
39,144,9,2025-03-07,172,False,Desktop
40,63,1,2025-04-11,74,True,Tablet
41,85,7,2024-05-18,50,True,Desktop
42,105,31,2024-08-30,66,False,Smart TV
43,83,4,2025-03-17,161,True,Mobile
44,45,12,2025-04-13,116,False,Desktop
45,192,19,2025-04-12,17,True,Mobile
46,86,42,2024-07-27,149,True,Desktop
47,130,13,2025-03-05,99,True,Tablet
48,166,12,2025-04-24,101,False,Desktop
49,45,41,2024-10-06,124,True,Mobile
50,103,12,2025-02-19,137,True,Desktop
51,2,16,2024-09-15,83,False,Smart TV
52,150,1,2025-04-23,107,False,Mobile
53,171,1,2025-04-26,118,False,Smart TV
54,177,1,2025-04-20,172,True,Desktop
55,123,1,2025-04-18,155,False,Desktop
56,196,49,2024-06-30,35,True,Smart TV
57,20,8,2025-03-31,155,False,Desktop
58,147,11,2024-11-15,148,True,Desktop
59,184,6,2024-08-13,129,False,Tablet
60,34,30,2024-07-17,29,True,Smart TV
61,186,1,2025-04-05,15,False,Mobile
62,12,45,2025-03-30,153,False,Mobile
63,121,1,2025-04-26,49,False,Tablet
64,96,25,2024-09-14,111,True,Desktop
65,168,8,2025-01-30,152,True,Desktop
66,187,1,2025-04-07,20,False,Tablet
67,173,28,2024-08-02,112,False,Desktop
68,118,18,2025-01-25,43,True,Tablet
69,158,2,2024-12-29,67,True,Mobile
70,115,46,2025-04-07,77,False,Tablet
71,113,14,2025-04-03,50,True,Smart TV
72,60,47,2024-07-11,96,True,Smart TV
73,61,10,2024-05-28,148,True,Smart TV
74,71,1,2025-04-11,124,True,Mobile
75,89,43,2024-10-18,149,True,Tablet
76,105,1,2025-04-26,152,True,Desktop
77,77,10,2024-09-06,29,True,Tablet
78,143,25,2024-12-28,80,True,Mobile
79,116,6,2024-07-31,63,True,Tablet
80,173,3,2025-03-25,63,False,Desktop
81,123,22,2024-11-27,18,True,Desktop
82,190,1,2025-04-02,77,False,Desktop
83,102,36,2024-11-18,87,True,Smart TV
84,79,33,2024-08-20,134,True,Tablet
85,195,14,2024-10-24,95,True,Desktop
86,190,1,2025-04-14,164,True,Tablet
87,76,1,2025-04-24,112,True,Desktop
88,128,44,2024-11-10,80,False,Tablet
89,186,32,2024-09-08,58,False,Smart TV
90,44,1,2025-04-26,153,False,Mobile
91,135,1,2025-04-01,27,False,Tablet
92,36,15,2025-03-28,53,True,Tablet
93,96,1,2025-04-10,139,True,Tablet
94,4,1,2025-04-14,88,True,Tablet
95,46,1,2025-04-15,53,True,Smart TV
96,91,26,2025-03-22,110,False,Tablet
97,145,45,2025-01-06,91,False,Mobile
98,168,42,2025-04-15,38,True,Tablet
99,142,41,2025-04-27,58,True,Tablet
100,166,37,2025-03-14,150,False,Desktop
101,55,45,2024-07-15,136,True,Mobile
102,176,35,2024-07-17,23,True,Smart TV
103,5,38,2025-02-17,116,False,Smart TV
104,42,37,2024-10-14,153,True,Desktop
105,177,33,2024-11-05,28,True,Desktop
106,20,50,2024-06-21,167,True,Smart TV
107,8,29,2024-08-23,73,True,Tablet
108,111,1,2025-04-29,173,True,Desktop
109,183,1,2025-04-27,112,False,Desktop
110,190,24,2025-03-08,38,True,Smart TV
111,114,18,2025-03-10,48,True,Tablet
112,115,33,2024-10-05,41,True,Smart TV
113,142,1,2025-04-04,113,True,Tablet
114,100,47,2024-07-19,77,True,Desktop
115,176,9,2024-12-15,92,True,Desktop
116,17,1,2025-04-18,91,True,Mobile
117,93,16,2024-06-15,141,True,Desktop
118,118,1,2025-05-01,116,True,Tablet
119,85,28,2024-06-02,167,True,Smart TV
120,155,13,2024-08-29,95,True,Tablet
121,82,45,2024-06-11,140,False,Desktop
122,84,26,2024-10-27,44,False,Desktop
123,152,12,2024-05-17,155,True,Tablet
124,182,19,2024-05-12,32,False,Tablet
125,173,41,2024-11-27,76,True,Desktop
126,184,25,2025-03-25,129,False,Tablet
127,150,33,2024-05-12,122,True,Smart TV
128,180,35,2024-07-01,178,False,Mobile
129,197,43,2024-11-01,57,True,Mobile
130,145,44,2024-06-04,117,False,Smart TV
131,111,1,2025-04-23,71,True,Desktop
132,115,30,2024-05-19,165,False,Desktop
133,89,31,2025-03-09,90,True,Mobile
134,30,47,2025-02-18,104,True,Tablet
135,53,23,2024-08-31,39,True,Tablet
136,82,1,2025-04-06,44,True,Smart TV
137,166,1,2025-04-02,77,True,Desktop
138,85,30,2025-01-03,118,True,Desktop
139,164,26,2025-04-17,172,False,Tablet
140,152,1,2025-04-09,69,True,Mobile
141,148,1,2025-04-20,98,True,Mobile
142,68,32,2024-08-04,178,True,Tablet
143,157,8,2024-11-04,105,False,Desktop
144,173,20,2024-06-21,166,True,Desktop
145,81,1,2025-04-28,61,True,Desktop
146,131,39,2025-02-20,162,True,Desktop
147,125,45,2024-06-05,59,True,Tablet
148,74,1,2025-04-05,130,True,Smart TV
149,3,13,2024-10-17,158,True,Tablet
150,105,27,2024-05-03,128,True,Mobile
151,145,1,2025-04-22,23,True,Smart TV
152,44,37,2024-08-21,155,True,Mobile
153,69,24,2024-07-28,25,False,Tablet
154,140,28,2025-03-10,78,True,Mobile
155,116,6,2024-09-19,45,False,Desktop
156,54,38,2024-05-14,104,False,Tablet
157,43,14,2025-01-16,30,True,Smart TV
158,153,21,2024-05-06,89,True,Smart TV
159,132,44,2025-03-14,49,False,Tablet
160,16,42,2025-02-26,48,True,Smart TV
161,64,44,2024-10-12,140,True,Smart TV
162,161,29,2025-03-24,177,False,Mobile
163,104,18,2024-05-11,109,True,Tablet
164,84,50,2025-03-15,132,True,Smart TV
165,17,26,2025-01-10,124,False,Tablet
166,69,19,2024-11-10,155,True,Tablet
167,88,49,2025-04-07,26,True,Tablet
168,5,1,2025-04-17,131,True,Tablet
169,52,9,2024-06-03,92,True,Smart TV
170,24,17,2025-03-20,110,False,Desktop
171,14,20,2024-05-08,74,True,Mobile
172,181,1,2025-04-16,34,True,Desktop
173,133,1,2025-05-01,102,False,Tablet
174,178,1,2025-04-24,113,True,Mobile
175,27,20,2025-02-20,112,False,Desktop
176,165,10,2025-03-27,150,True,Desktop
177,113,14,2024-06-14,53,False,Tablet
178,56,1,2025-04-27,46,True,Tablet
179,90,21,2025-02-19,78,True,Mobile
180,64,39,2024-06-24,87,False,Mobile
181,169,14,2024-08-09,170,True,Tablet
182,76,16,2024-08-21,113,True,Tablet
183,164,34,2025-04-25,107,False,Desktop
184,100,37,2024-09-28,108,True,Desktop
185,196,50,2025-03-25,19,True,Mobile
186,68,4,2024-10-10,144,True,Tablet
187,109,6,2024-06-08,152,True,Desktop
188,72,1,2025-04-15,67,False,Desktop
189,138,38,2024-06-11,179,True,Tablet
190,187,16,2025-04-02,77,True,Tablet
191,30,39,2025-04-03,94,False,Desktop
192,31,1,2025-04-09,17,True,Smart TV
193,134,47,2024-12-20,57,True,Smart TV
194,188,50,2025-04-16,100,False,Smart TV
195,135,1,2025-04-16,131,True,Mobile
196,128,11,2024-10-25,55,True,Mobile
197,147,8,2025-01-05,145,True,Mobile
198,63,1,2025-04-19,53,True,Mobile
199,142,46,2024-05-31,122,True,Desktop
200,107,21,2024-12-14,34,True,Mobile
201,129,4,2025-01-30,72,False,Mobile
202,103,1,2025-04-04,87,False,Smart TV
203,84,1,2025-05-01,109,True,Smart TV
204,190,30,2024-10-25,166,False,Desktop
205,188,49,2024-12-27,53,True,Tablet
206,7,23,2024-06-10,17,False,Mobile
207,195,48,2024-11-25,41,True,Desktop
208,108,4,2025-02-18,86,True,Desktop
209,134,24,2024-09-09,36,True,Desktop
210,164,5,2024-07-02,160,True,Desktop
211,61,21,2024-10-12,98,True,Smart TV
212,60,1,2025-04-27,164,True,Mobile
213,43,21,2024-10-05,45,True,Desktop
214,116,17,2025-03-01,38,True,Smart TV
215,181,3,2025-01-11,98,True,Desktop
216,92,4,2024-05-20,91,True,Desktop
217,8,29,2024-07-21,155,True,Tablet
218,27,9,2025-02-28,18,True,Desktop
219,34,1,2025-04-20,176,False,Mobile
220,150,5,2025-04-20,31,True,Tablet
221,33,1,2025-04-28,25,False,Mobile
222,44,28,2024-10-11,142,True,Tablet
223,45,12,2024-12-12,86,True,Desktop
224,9,40,2024-12-27,180,True,Tablet
225,141,6,2024-12-09,113,True,Desktop
226,165,34,2024-12-25,176,False,Mobile
227,98,23,2024-08-29,154,False,Smart TV
228,145,25,2024-12-14,61,True,Desktop
229,8,50,2024-12-09,29,False,Tablet
230,136,38,2025-01-02,55,True,Desktop
231,69,48,2025-04-03,71,True,Tablet
232,91,12,2025-01-31,75,True,Smart TV
233,152,1,2025-04-01,160,True,Desktop
234,127,12,2024-08-23,24,True,Desktop
235,155,34,2024-08-30,15,True,Desktop
236,34,12,2024-11-17,30,True,Desktop
237,199,1,2025-04-01,33,True,Tablet
238,151,1,2025-04-21,49,False,Tablet
239,164,42,2024-11-20,59,False,Smart TV
240,58,12,2024-10-20,93,False,Smart TV
241,33,1,2025-04-01,161,True,Mobile
242,47,40,2025-01-08,178,True,Tablet
243,37,5,2024-12-31,103,False,Desktop
244,163,6,2024-05-04,178,False,Smart TV
245,115,1,2025-04-24,32,True,Mobile
246,185,1,2025-04-17,122,False,Tablet
247,127,23,2024-07-26,111,True,Tablet
248,148,44,2025-01-06,56,True,Mobile
249,76,1,2025-04-01,41,True,Desktop
250,97,1,2025-04-14,38,True,Tablet
251,181,1,2025-04-12,126,True,Mobile
252,85,13,2024-10-04,156,False,Smart TV
253,170,16,2025-03-13,27,True,Tablet
254,40,1,2025-04-18,37,True,Tablet
255,52,1,2025-04-26,178,True,Mobile
256,122,20,2024-10-10,135,True,Smart TV
257,24,25,2025-01-27,109,False,Smart TV
258,48,17,2024-09-18,134,True,Smart TV
259,145,1,2025-04-29,103,False,Tablet
260,194,36,2025-03-31,114,False,Tablet
261,138,31,2024-07-12,75,True,Mobile
262,102,46,2025-04-14,143,True,Desktop
263,31,29,2025-02-02,57,False,Desktop
264,33,1,2025-04-10,126,True,Desktop
265,153,47,2025-03-28,37,True,Tablet
266,142,18,2024-08-08,132,False,Mobile
267,180,34,2024-09-29,43,True,Desktop
268,146,49,2025-03-11,42,True,Mobile
269,74,23,2024-10-03,82,True,Tablet
270,147,3,2025-02-02,85,True,Tablet
271,10,22,2024-05-13,75,True,Tablet
272,69,2,2024-11-10,92,True,Tablet
273,179,15,2025-02-22,91,False,Tablet
274,199,18,2024-09-30,169,True,Desktop
275,114,27,2024-08-26,147,False,Mobile
276,132,5,2024-11-23,144,True,Mobile
277,45,1,2025-04-05,29,True,Tablet
278,13,46,2025-01-20,85,True,Tablet
279,130,8,2024-05-18,22,True,Tablet
280,153,31,2024-07-05,156,True,Desktop
281,67,45,2025-03-16,87,True,Mobile
282,42,50,2025-01-12,71,True,Desktop
283,69,33,2025-04-21,17,True,Desktop
284,166,1,2025-04-24,79,True,Smart TV
285,183,42,2024-12-12,123,False,Smart TV
286,118,30,2024-11-28,148,False,Tablet
287,150,1,2025-04-14,180,True,Smart TV
288,77,31,2025-03-30,101,False,Smart TV
289,71,46,2024-06-02,91,True,Desktop
290,15,39,2024-10-07,96,False,Mobile
291,168,19,2024-12-20,122,True,Mobile
292,150,37,2025-01-24,102,False,Desktop
293,176,31,2024-05-23,106,True,Desktop
294,169,12,2024-12-02,39,True,Smart TV
295,186,49,2025-01-28,100,False,Desktop
296,91,20,2024-09-28,99,True,Smart TV
297,119,31,2025-04-04,177,True,Mobile
298,121,33,2025-03-01,112,True,Tablet
299,14,10,2025-02-20,66,True,Tablet
300,37,46,2025-01-29,35,True,Desktop
301,81,1,2025-04-17,85,True,Desktop
302,148,32,2025-03-17,48,True,Tablet
303,104,31,2024-10-17,16,True,Desktop
304,188,1,2025-04-03,97,False,Desktop
305,5,41,2024-12-25,72,False,Smart TV
306,80,1,2025-04-15,165,True,Mobile
307,12,19,2024-09-10,148,True,Smart TV
308,112,9,2024-11-07,140,True,Desktop
309,43,26,2025-04-22,73,True,Desktop
310,55,38,2024-08-16,58,True,Mobile
311,97,17,2024-08-01,174,True,Mobile
312,170,1,2025-04-30,44,True,Tablet
313,32,31,2024-05-07,54,True,Mobile
314,78,7,2024-05-27,148,True,Desktop
315,108,7,2024-08-13,173,True,Mobile
316,28,39,2025-01-19,82,False,Desktop
317,92,19,2025-02-08,25,True,Desktop
318,177,22,2025-01-01,15,True,Mobile
319,29,43,2024-08-22,53,False,Mobile
320,186,17,2024-06-06,74,True,Smart TV
321,68,7,2025-02-01,25,False,Smart TV
322,174,48,2025-03-03,39,False,Mobile
323,3,43,2024-06-04,58,True,Tablet
324,160,47,2025-03-15,110,False,Desktop
325,30,30,2024-12-13,113,False,Tablet
326,108,11,2025-03-05,48,False,Mobile
327,41,1,2025-04-06,160,False,Desktop
328,157,23,2024-06-22,22,False,Desktop
329,124,8,2024-10-03,127,True,Smart TV
330,168,46,2024-05-19,149,False,Desktop
331,172,34,2024-08-07,173,True,Desktop
332,124,44,2024-06-07,113,True,Mobile
333,3,11,2024-08-16,135,False,Desktop
334,20,21,2024-12-29,99,False,Mobile
335,130,42,2024-10-20,118,False,Mobile
336,118,37,2024-09-14,37,False,Tablet
337,81,1,2025-04-08,19,True,Tablet
338,10,1,2025-04-05,38,False,Smart TV
339,131,42,2024-05-23,131,False,Smart TV
340,14,30,2024-11-13,158,False,Tablet
341,184,46,2024-09-12,44,True,Desktop
342,1,41,2024-12-03,155,True,Mobile
343,12,32,2025-02-19,119,True,Desktop
344,49,1,2025-04-25,132,False,Desktop
345,184,49,2024-10-01,26,False,Mobile
346,198,30,2024-05-29,165,False,Desktop
347,128,1,2025-04-14,125,False,Tablet
348,131,12,2024-05-12,163,True,Desktop
349,27,39,2024-06-25,97,True,Tablet
350,108,45,2024-12-25,85,True,Smart TV
351,76,9,2025-02-20,120,True,Smart TV
352,180,21,2024-05-02,156,True,Desktop
353,54,19,2024-05-15,103,False,Desktop
354,182,12,2024-08-17,153,False,Smart TV
355,182,1,2025-04-14,137,True,Tablet
356,173,35,2024-12-06,123,False,Mobile
357,7,4,2024-05-23,29,True,Desktop
358,74,10,2025-03-31,90,True,Mobile
359,92,7,2024-06-20,158,False,Tablet
360,61,45,2024-12-05,27,False,Tablet
361,107,44,2024-11-22,156,True,Smart TV
362,52,50,2024-09-17,72,False,Smart TV
363,194,48,2024-06-27,65,False,Desktop
364,76,44,2025-03-24,62,False,Mobile
365,97,1,2025-04-14,82,True,Smart TV
366,2,46,2025-02-11,25,True,Smart TV
367,153,1,2025-04-16,161,True,Mobile
368,182,15,2025-01-27,148,True,Desktop
369,107,26,2025-03-15,104,True,Desktop
370,170,24,2024-12-02,70,False,Tablet
371,144,42,2025-04-27,44,False,Tablet
372,62,40,2024-06-17,77,False,Smart TV
373,98,8,2024-10-16,80,True,Smart TV
374,7,50,2024-10-22,146,False,Tablet
375,125,1,2025-04-21,146,True,Mobile
376,43,50,2024-07-30,151,True,Mobile
377,54,50,2025-01-12,123,False,Desktop
378,138,48,2024-09-21,180,False,Mobile
379,192,2,2024-09-08,99,True,Mobile
380,14,1,2025-04-14,33,True,Desktop
381,67,29,2024-06-13,118,True,Mobile
382,100,35,2025-04-28,179,False,Mobile
383,194,3,2024-05-08,33,True,Mobile
384,75,20,2024-06-25,37,True,Tablet
385,98,43,2025-04-16,136,True,Desktop
386,35,35,2024-12-01,177,True,Smart TV
387,3,36,2025-02-18,46,True,Tablet
388,138,6,2024-11-26,68,False,Smart TV
389,55,42,2024-08-12,51,True,Desktop
390,158,13,2025-03-04,61,False,Mobile
391,193,36,2024-09-07,180,True,Smart TV
392,172,1,2025-04-25,163,True,Smart TV
393,92,1,2025-04-28,87,True,Desktop
394,82,22,2024-06-20,93,False,Desktop
395,145,21,2024-09-24,58,True,Desktop
396,57,42,2024-09-20,85,False,Desktop
397,174,31,2024-09-07,129,True,Smart TV
398,125,12,2024-06-05,170,True,Smart TV
399,36,13,2024-12-18,175,True,Mobile
400,5,41,2025-04-16,163,True,Desktop
401,10,35,2024-07-29,135,False,Desktop
402,94,50,2024-07-04,89,True,Mobile
403,102,1,2025-04-10,76,False,Desktop
404,194,29,2025-02-09,60,True,Desktop
405,189,23,2025-04-11,71,False,Desktop
406,17,15,2025-04-10,67,True,Smart TV
407,100,30,2025-04-08,25,False,Smart TV
408,27,34,2024-06-11,85,False,Smart TV
409,149,12,2024-10-21,111,True,Mobile
410,133,15,2024-08-10,118,True,Smart TV
411,125,39,2025-04-28,143,False,Tablet
412,43,33,2024-06-06,86,True,Desktop
413,41,46,2025-03-02,73,True,Smart TV
414,185,1,2025-04-16,68,True,Tablet
415,6,9,2024-07-12,166,True,Mobile
416,147,1,2025-04-23,61,True,Tablet
417,154,41,2025-04-22,87,False,Desktop
418,115,31,2024-08-28,58,True,Tablet
419,154,1,2025-04-12,145,True,Smart TV
420,117,5,2025-01-04,111,True,Mobile
421,5,33,2024-05-16,122,False,Mobile
422,46,40,2024-06-28,24,False,Mobile
423,24,9,2024-06-27,153,False,Tablet
424,134,3,2024-05-09,150,True,Tablet
425,197,38,2024-05-10,162,True,Desktop
426,66,15,2025-03-20,87,True,Tablet
427,66,1,2025-04-13,148,True,Mobile
428,97,45,2024-11-21,119,True,Desktop
429,110,17,2024-12-19,152,True,Smart TV
430,157,44,2024-10-10,67,True,Tablet
431,46,36,2024-08-27,79,False,Smart TV
432,199,48,2025-02-20,45,False,Tablet
433,180,7,2025-01-12,145,True,Smart TV
434,141,44,2024-05-05,28,True,Mobile
435,24,31,2024-06-28,126,True,Smart TV
436,57,39,2025-04-12,113,False,Tablet
437,158,19,2024-05-02,167,True,Desktop
438,164,1,2025-04-25,147,True,Mobile
439,154,45,2025-01-03,172,True,Mobile
440,93,1,2025-04-26,37,False,Tablet
441,91,26,2024-07-05,66,True,Mobile
442,24,47,2024-07-19,164,True,Smart TV
443,58,13,2024-09-11,118,True,Smart TV
444,45,7,2024-07-19,33,True,Smart TV
445,30,17,2024-07-30,162,True,Tablet
446,97,50,2024-12-28,101,False,Tablet
447,175,38,2025-04-17,138,True,Mobile
448,98,15,2024-05-20,73,False,Tablet
449,91,1,2025-04-09,82,True,Mobile
450,103,22,2025-03-24,156,False,Tablet
451,81,37,2024-12-15,61,False,Desktop
452,128,16,2024-12-29,82,True,Desktop
453,64,23,2025-02-11,42,True,Mobile
454,174,32,2024-06-21,16,False,Mobile
455,124,21,2024-08-22,162,False,Tablet
456,47,33,2024-12-09,116,True,Desktop
457,14,28,2024-08-30,153,True,Smart TV
458,101,50,2025-02-01,132,False,Tablet
459,81,1,2025-04-10,68,True,Mobile
460,84,17,2025-01-26,155,True,Smart TV
461,121,22,2024-10-26,62,True,Desktop
462,108,24,2024-10-27,117,True,Desktop
463,147,1,2025-04-05,40,False,Desktop
464,143,25,2025-01-21,52,False,Desktop
465,122,12,2024-09-28,142,True,Smart TV
466,125,36,2024-07-15,27,True,Desktop
467,16,17,2024-08-31,176,True,Smart TV
468,67,36,2024-07-20,80,True,Tablet
469,32,44,2024-06-25,65,True,Desktop
470,200,21,2024-05-22,145,True,Tablet
471,21,19,2024-09-06,176,False,Desktop
472,164,22,2024-09-28,176,True,Tablet
473,19,1,2025-04-24,95,True,Smart TV
474,182,42,2024-10-11,84,False,Smart TV
475,192,29,2024-10-02,57,True,Mobile
476,33,43,2024-12-24,35,True,Tablet
477,27,1,2025-04-14,28,True,Tablet
478,135,6,2025-03-09,82,True,Mobile
479,168,25,2024-11-24,73,True,Smart TV
480,114,9,2024-08-05,58,True,Smart TV
481,84,30,2024-07-29,84,True,Desktop
482,179,38,2024-06-30,131,True,Tablet
483,135,35,2024-11-24,103,True,Desktop
484,23,24,2024-10-02,81,True,Mobile
485,1,49,2025-02-21,103,True,Mobile
486,177,49,2024-08-30,91,True,Tablet
487,75,1,2025-04-14,110,True,Tablet
488,102,46,2024-06-05,114,False,Desktop
489,68,1,2025-04-15,171,False,Smart TV
490,73,35,2024-12-15,120,True,Mobile
491,47,1,2025-04-11,131,True,Smart TV
492,180,13,2024-11-18,19,True,Mobile
493,48,19,2024-12-15,47,False,Mobile
494,60,1,2025-04-16,70,True,Smart TV
495,128,30,2024-05-10,23,True,Desktop
496,15,26,2025-03-26,154,True,Desktop
497,65,1,2025-04-28,78,True,Tablet
498,64,3,2025-01-20,132,False,Mobile
499,134,14,2024-09-01,114,False,Smart TV
500,83,1,2025-04-08,155,True,Smart TV
501,124,13,2024-10-29,28,False,Desktop
502,29,28,2024-11-16,18,True,Smart TV
503,150,1,2025-05-01,25,True,Tablet
504,177,24,2025-03-17,78,True,Mobile
505,176,49,2024-06-15,30,True,Desktop
506,180,7,2025-02-26,139,True,Smart TV
507,113,2,2024-05-14,111,True,Desktop
508,65,32,2024-05-05,127,True,Tablet
509,49,35,2024-11-04,97,False,Smart TV
510,154,36,2025-02-08,32,True,Tablet
511,76,35,2024-10-26,131,True,Tablet
512,188,1,2025-04-12,108,False,Desktop
513,83,43,2024-07-30,114,True,Tablet
514,197,40,2024-12-08,97,True,Smart TV
515,29,1,2025-04-30,48,True,Mobile
516,52,1,2025-04-28,23,True,Tablet
517,169,40,2024-05-07,166,True,Smart TV
518,57,5,2025-04-25,68,False,Mobile
519,120,4,2024-10-29,157,False,Tablet
520,95,4,2024-06-20,83,True,Mobile
521,78,1,2025-04-01,147,True,Desktop
522,137,13,2024-08-05,78,True,Desktop
523,143,27,2025-03-08,178,True,Tablet
524,180,7,2025-02-05,61,True,Smart TV
525,169,1,2025-04-02,105,False,Smart TV
526,96,41,2024-09-23,97,True,Desktop
527,97,48,2024-12-22,107,False,Tablet
528,102,1,2025-04-22,167,True,Desktop
529,78,1,2025-04-25,95,True,Smart TV
530,142,37,2024-07-13,54,True,Tablet
531,92,1,2025-04-20,164,True,Smart TV
532,77,1,2025-04-13,70,False,Smart TV
533,124,1,2025-04-12,179,True,Tablet
534,21,50,2024-11-11,104,False,Tablet
535,107,8,2025-01-05,169,False,Tablet
536,14,3,2024-11-19,153,True,Smart TV
537,129,10,2025-04-06,115,False,Mobile
538,57,26,2025-02-15,48,True,Tablet
539,147,36,2024-10-09,82,True,Tablet
540,199,49,2025-02-21,138,True,Tablet
541,102,13,2024-07-18,172,False,Desktop
542,63,1,2025-04-21,162,True,Tablet
543,109,13,2024-11-18,103,True,Mobile
544,198,23,2024-06-20,128,True,Tablet
545,12,15,2025-01-19,110,True,Mobile
546,29,16,2024-06-18,52,False,Smart TV
547,4,8,2024-11-26,130,True,Smart TV
548,54,14,2025-01-17,154,True,Smart TV
549,141,47,2025-02-18,19,True,Mobile
550,66,1,2025-04-25,173,True,Tablet
551,168,5,2024-10-15,84,False,Smart TV
552,28,1,2025-04-24,112,True,Mobile
553,81,39,2024-08-02,37,True,Tablet
554,144,2,2025-04-11,78,False,Smart TV
555,86,48,2025-02-10,19,True,Smart TV
556,91,16,2024-08-18,85,False,Smart TV
557,100,2,2024-07-21,86,True,Smart TV
558,101,6,2024-10-18,148,False,Desktop
559,107,10,2024-09-25,94,False,Smart TV
560,115,14,2024-06-01,50,True,Desktop
561,36,46,2024-08-06,49,True,Desktop
562,168,11,2024-11-20,32,True,Mobile
563,48,10,2025-04-16,96,False,Tablet
564,106,48,2024-06-09,85,True,Desktop
565,28,1,2025-04-07,171,True,Desktop
566,153,44,2025-04-18,106,True,Tablet
567,35,39,2024-09-03,110,True,Tablet
568,126,11,2025-01-23,72,True,Mobile
569,70,15,2024-05-23,66,False,Mobile
570,46,29,2024-06-20,140,False,Tablet
571,64,50,2025-04-10,170,False,Tablet
572,185,40,2024-07-13,167,True,Mobile
573,134,1,2025-04-05,25,False,Desktop
574,133,48,2025-04-11,157,True,Mobile
575,49,26,2024-11-27,88,True,Tablet
576,76,4,2024-05-13,147,False,Tablet
577,166,47,2024-08-18,43,True,Desktop
578,101,29,2025-04-19,60,True,Desktop
579,117,1,2025-04-09,56,False,Mobile
580,24,1,2025-04-11,107,True,Tablet
581,187,33,2024-06-22,55,True,Tablet
582,12,22,2024-07-16,53,True,Desktop
583,46,4,2024-09-29,93,True,Tablet
584,74,8,2025-02-23,66,True,Smart TV
585,4,32,2024-07-27,16,True,Tablet
586,61,43,2024-08-31,131,True,Mobile
587,154,16,2024-07-25,86,True,Desktop
588,13,1,2025-04-11,104,True,Mobile
589,171,39,2024-11-30,99,False,Mobile
590,28,12,2025-02-08,87,True,Desktop
591,117,24,2025-04-13,38,False,Smart TV
592,95,5,2024-09-25,155,True,Tablet
593,35,1,2025-04-21,149,True,Desktop
594,179,4,2025-03-07,161,False,Mobile
595,124,39,2024-05-05,88,True,Smart TV
596,67,40,2024-11-01,48,True,Tablet
597,134,32,2024-08-22,61,False,Desktop
598,182,13,2025-05-01,45,True,Mobile
599,189,40,2024-10-01,120,True,Smart TV
600,144,14,2025-04-26,178,True,Smart TV
601,66,20,2024-11-29,144,True,Mobile
602,30,22,2024-10-11,160,True,Mobile
603,45,1,2025-04-02,137,False,Mobile
604,166,1,2025-04-11,132,False,Smart TV
605,119,27,2025-04-03,148,True,Smart TV
606,143,14,2024-07-10,99,False,Smart TV
607,17,18,2025-04-16,101,False,Desktop
608,147,12,2024-07-01,44,False,Smart TV
609,181,46,2025-04-15,84,True,Tablet
610,61,20,2025-01-11,149,True,Mobile
611,96,50,2025-01-18,38,True,Mobile
612,124,10,2025-01-24,102,False,Smart TV
613,199,50,2025-03-12,147,False,Desktop
614,53,30,2024-10-15,148,True,Smart TV
615,12,39,2025-03-18,100,True,Mobile
616,27,43,2024-11-23,20,True,Smart TV
617,164,21,2025-01-19,64,True,Smart TV
618,198,8,2024-12-13,53,True,Mobile
619,4,36,2024-08-11,41,True,Smart TV
620,141,10,2024-05-06,87,True,Desktop
621,19,22,2024-07-29,128,True,Mobile
622,121,4,2025-03-08,113,True,Tablet
623,101,1,2025-04-12,106,True,Desktop
624,183,35,2025-03-22,134,True,Mobile
625,179,30,2024-11-24,179,False,Tablet
626,121,15,2025-02-17,172,True,Smart TV
627,101,1,2025-04-06,98,True,Mobile
628,17,23,2024-08-29,133,False,Smart TV
629,197,37,2025-02-25,145,True,Mobile
630,84,5,2024-11-28,151,True,Tablet
631,62,36,2025-02-09,138,True,Smart TV
632,54,38,2024-09-23,126,True,Smart TV
633,140,12,2024-05-27,34,False,Tablet
634,30,30,2024-11-16,157,True,Tablet
635,46,26,2025-03-27,168,True,Tablet
636,84,43,2025-03-31,38,True,Desktop
637,149,41,2025-05-01,52,False,Tablet
638,137,40,2024-07-10,129,True,Smart TV
639,77,44,2024-11-27,126,False,Smart TV
640,23,40,2024-08-13,118,False,Smart TV
641,16,36,2025-04-04,15,False,Smart TV
642,29,2,2025-01-01,125,False,Tablet
643,161,25,2024-10-06,112,True,Desktop
644,170,1,2025-04-25,157,True,Smart TV
645,107,1,2025-04-27,17,True,Mobile
646,37,32,2024-05-30,126,False,Desktop
647,22,1,2025-04-04,131,False,Tablet
648,160,1,2025-04-14,130,True,Desktop
649,48,1,2025-04-13,142,False,Desktop
650,183,27,2024-07-26,162,True,Mobile
651,146,24,2025-03-05,163,True,Mobile
652,37,34,2024-12-09,134,True,Mobile
653,63,48,2024-05-27,34,False,Smart TV
654,157,1,2025-04-14,17,True,Tablet
655,147,27,2024-11-02,90,True,Mobile
656,178,48,2024-11-27,159,True,Tablet
657,149,1,2025-04-10,89,False,Mobile
658,74,9,2024-08-16,34,False,Smart TV
659,65,1,2025-04-23,80,True,Mobile
660,155,1,2025-04-10,129,True,Desktop
661,67,16,2024-08-26,61,False,Mobile
662,88,10,2024-07-01,54,False,Tablet
663,198,43,2024-09-18,178,True,Smart TV
664,14,49,2025-03-03,28,True,Tablet
665,122,48,2024-08-02,74,True,Tablet
666,122,34,2024-09-21,18,True,Tablet
667,98,34,2024-05-17,25,True,Smart TV
668,111,42,2024-12-13,100,True,Mobile
669,66,26,2024-09-07,76,False,Desktop
670,134,45,2025-01-29,95,True,Mobile
671,18,1,2025-04-15,41,False,Smart TV
672,57,17,2025-01-23,23,True,Mobile
673,15,43,2025-01-10,168,True,Mobile
674,23,9,2024-10-21,180,True,Desktop
675,29,17,2024-12-02,134,False,Mobile
676,164,18,2024-09-25,97,True,Mobile
677,71,25,2024-10-15,100,False,Smart TV
678,68,1,2025-04-16,66,True,Desktop
679,166,10,2024-07-29,125,True,Mobile
680,114,7,2025-04-14,33,True,Smart TV
681,199,32,2025-02-14,178,True,Mobile
682,171,10,2024-05-08,99,False,Mobile
683,132,50,2024-08-23,137,True,Mobile
684,139,25,2024-05-14,138,True,Smart TV
685,86,26,2025-04-03,176,False,Mobile
686,94,22,2025-03-21,132,False,Smart TV
687,166,36,2025-04-11,113,False,Smart TV
688,179,7,2024-06-13,106,True,Tablet
689,189,1,2025-04-25,21,False,Desktop
690,126,35,2024-06-06,93,True,Tablet
691,5,1,2025-04-21,25,True,Desktop
692,168,30,2024-05-19,152,True,Desktop
693,19,1,2025-04-16,19,True,Mobile
694,63,9,2025-04-24,59,True,Smart TV
695,25,11,2024-07-03,31,False,Mobile
696,30,40,2025-01-09,31,False,Tablet
697,87,48,2024-05-19,117,True,Desktop
698,83,14,2025-04-08,166,True,Mobile
699,31,49,2024-10-01,58,False,Desktop
700,113,38,2025-04-11,49,True,Tablet
701,200,1,2025-04-29,16,True,Mobile
702,181,19,2024-09-30,136,False,Desktop
703,37,34,2024-09-13,120,True,Desktop
704,157,39,2025-01-29,142,True,Mobile
705,161,20,2024-11-04,122,True,Desktop
706,50,1,2025-04-12,107,False,Desktop
707,119,43,2025-01-15,85,True,Mobile
708,39,31,2024-08-20,60,True,Mobile
709,14,19,2025-01-14,126,True,Tablet
710,12,1,2025-04-02,152,True,Mobile
711,125,5,2025-01-01,128,True,Smart TV
712,108,1,2025-04-24,43,True,Mobile
713,61,13,2024-10-21,71,True,Tablet
714,14,10,2025-01-11,171,True,Tablet
715,96,1,2025-04-11,106,False,Desktop
716,86,1,2025-04-23,49,True,Tablet
717,118,49,2024-11-07,71,False,Desktop
718,164,11,2024-07-10,156,False,Mobile
719,106,32,2025-01-11,166,True,Tablet
720,72,1,2025-04-08,78,True,Tablet
721,149,38,2025-02-14,161,False,Tablet
722,12,1,2025-04-08,144,True,Tablet
723,123,45,2025-03-12,130,True,Mobile
724,143,45,2024-10-05,70,True,Smart TV
725,62,6,2025-04-23,137,False,Desktop
726,181,37,2024-07-07,21,False,Tablet
727,198,1,2025-04-26,109,True,Mobile
728,161,1,2025-04-15,23,True,Smart TV
729,179,35,2024-07-11,68,False,Mobile
730,159,48,2025-04-03,146,False,Smart TV
731,14,1,2025-04-17,173,True,Smart TV
732,45,46,2025-03-28,158,False,Desktop
733,36,16,2024-07-29,44,True,Desktop
734,193,15,2024-11-18,105,False,Tablet
735,71,1,2025-04-20,130,True,Mobile
736,121,44,2024-08-02,89,True,Smart TV
737,173,5,2025-01-25,132,True,Tablet
738,46,5,2025-03-07,57,True,Desktop
739,128,1,2025-04-15,175,True,Tablet
740,175,9,2024-09-01,103,True,Mobile
741,75,1,2025-04-04,74,False,Smart TV
742,106,42,2024-06-05,98,True,Tablet
743,118,9,2024-11-26,58,False,Desktop
744,124,19,2025-04-07,52,True,Tablet
745,43,11,2024-05-02,152,True,Desktop
746,182,43,2025-02-12,56,True,Mobile
747,82,29,2024-12-19,109,True,Mobile
748,171,23,2025-02-15,110,True,Desktop
749,137,2,2024-10-06,142,False,Tablet
750,82,1,2025-04-11,90,True,Smart TV
751,194,37,2024-05-25,52,False,Tablet
752,87,47,2024-08-29,25,True,Mobile
753,79,1,2025-04-17,106,True,Mobile
754,156,38,2024-08-05,71,False,Smart TV
755,51,1,2025-04-10,37,False,Tablet
756,50,39,2024-06-26,145,False,Smart TV
757,102,1,2025-04-20,113,True,Smart TV
758,89,29,2024-07-18,37,True,Tablet
759,190,29,2024-12-05,56,False,Tablet
760,187,9,2024-07-05,168,True,Desktop
761,78,34,2024-11-11,31,False,Tablet
762,23,1,2025-04-18,59,True,Desktop
763,52,1,2025-04-22,156,True,Smart TV
764,150,36,2024-09-06,72,True,Mobile
765,40,41,2024-06-10,135,True,Smart TV
766,107,1,2025-05-01,45,False,Tablet
767,18,24,2024-07-08,138,True,Smart TV
768,161,45,2025-03-01,110,True,Mobile
769,67,1,2025-04-27,96,True,Desktop
770,92,1,2025-04-20,122,True,Smart TV
771,13,34,2024-06-08,34,True,Desktop
772,196,1,2025-04-14,97,False,Smart TV
773,70,45,2024-10-28,39,True,Smart TV
774,37,1,2025-04-20,139,True,Desktop
775,27,33,2025-01-08,63,False,Mobile
776,107,5,2025-03-03,48,False,Tablet
777,90,24,2025-02-19,128,False,Smart TV
778,45,2,2025-03-02,71,True,Desktop
779,177,9,2025-01-14,48,False,Tablet
780,177,8,2025-03-23,19,False,Tablet
781,11,1,2025-04-06,146,True,Tablet
782,31,3,2025-03-29,92,False,Mobile
783,32,14,2024-07-05,66,True,Smart TV
784,8,1,2025-04-01,163,True,Desktop
785,129,40,2024-12-29,144,True,Mobile
786,149,34,2025-01-10,64,False,Desktop
787,194,47,2025-03-12,69,False,Tablet
788,94,12,2024-09-18,42,True,Smart TV
789,98,33,2025-01-05,119,True,Smart TV
790,32,34,2025-02-21,141,False,Smart TV
791,143,6,2024-11-15,141,True,Smart TV
792,117,20,2024-05-15,128,True,Tablet
793,75,28,2025-01-25,32,False,Tablet
794,174,1,2025-04-10,140,False,Tablet
795,113,44,2025-03-19,45,True,Tablet
796,178,7,2025-02-04,31,True,Desktop
797,87,26,2025-02-28,74,False,Tablet
798,72,50,2024-07-08,166,True,Tablet
799,92,39,2024-10-06,139,True,Desktop
800,197,8,2024-12-24,140,True,Desktop
801,8,1,2025-04-05,32,True,Mobile
802,46,44,2024-11-15,54,True,Mobile
803,195,1,2025-04-06,134,True,Tablet
804,126,35,2024-11-07,153,True,Mobile
805,111,8,2024-10-17,130,True,Tablet
806,114,3,2025-01-31,157,False,Smart TV
807,181,1,2025-04-27,94,False,Tablet
808,196,1,2025-04-10,156,False,Tablet
809,122,11,2024-08-15,29,True,Tablet
810,152,40,2024-05-20,105,False,Smart TV
811,83,1,2025-04-27,108,True,Mobile
812,196,22,2024-10-19,39,True,Smart TV
813,106,43,2024-12-27,78,True,Smart TV
814,152,1,2025-04-04,93,True,Desktop
815,6,3,2024-09-08,123,True,Tablet
816,69,1,2025-04-13,20,False,Tablet
817,147,37,2025-03-12,140,True,Desktop
818,87,49,2024-05-25,101,True,Smart TV
819,94,13,2024-08-20,177,False,Mobile
820,138,17,2025-04-07,91,False,Tablet
821,58,6,2024-07-09,39,True,Smart TV
822,18,34,2024-08-31,124,True,Mobile
823,167,33,2024-11-29,125,False,Smart TV
824,52,17,2024-06-16,146,True,Desktop
825,5,34,2025-01-26,162,True,Tablet
826,69,35,2024-06-21,126,False,Mobile
827,134,30,2025-02-15,76,True,Smart TV
828,112,5,2024-06-11,67,False,Smart TV
829,74,17,2024-05-15,168,True,Desktop
830,30,1,2025-04-24,94,True,Tablet
831,109,3,2025-01-18,55,True,Mobile
832,67,18,2024-05-29,155,True,Mobile
833,185,2,2025-04-03,36,True,Smart TV
834,17,27,2024-10-27,38,True,Desktop
835,61,1,2025-04-15,163,False,Smart TV
836,128,16,2024-06-28,46,False,Smart TV
837,85,48,2024-10-14,75,False,Desktop
838,37,1,2025-04-23,127,True,Mobile
839,126,45,2025-03-05,96,True,Tablet
840,175,18,2025-02-16,107,True,Smart TV
841,79,1,2025-04-05,28,False,Desktop
842,65,20,2024-06-08,107,False,Mobile
843,137,29,2024-10-15,17,False,Tablet
844,66,49,2025-01-01,91,True,Desktop
845,113,50,2024-06-06,119,False,Smart TV
846,21,32,2024-09-02,120,False,Smart TV
847,184,7,2025-02-08,81,True,Smart TV
848,108,36,2024-11-15,131,False,Mobile
849,165,41,2024-09-16,179,True,Tablet
850,52,21,2024-07-11,36,True,Desktop
851,133,50,2024-06-03,48,False,Tablet
852,82,48,2025-02-22,81,True,Smart TV
853,73,1,2025-04-20,61,True,Tablet
854,147,2,2024-07-20,180,True,Desktop
855,23,13,2024-12-18,58,True,Tablet
856,154,6,2024-10-25,58,False,Mobile
857,4,28,2024-09-11,141,True,Desktop
858,49,18,2024-12-05,141,True,Tablet
859,53,19,2024-05-20,63,True,Tablet
860,38,1,2025-04-24,173,True,Desktop
861,95,42,2024-09-09,36,True,Desktop
862,83,26,2024-05-15,69,False,Tablet
863,189,5,2025-03-14,157,True,Smart TV
864,61,23,2024-06-25,168,False,Mobile
865,2,40,2024-10-18,92,False,Smart TV
866,34,36,2025-04-10,163,True,Desktop
867,129,22,2024-09-04,48,True,Tablet
868,37,21,2025-04-09,47,True,Smart TV
869,192,28,2024-12-08,82,True,Smart TV
870,133,11,2024-11-21,140,False,Desktop
871,143,43,2024-06-10,127,True,Desktop
872,14,3,2024-09-03,81,True,Tablet
873,112,1,2025-04-30,128,True,Tablet
874,118,47,2025-02-15,46,True,Desktop
875,73,1,2025-04-08,145,False,Desktop
876,150,1,2025-04-15,161,True,Mobile
877,64,44,2025-03-14,99,True,Mobile
878,101,7,2024-11-17,54,True,Tablet
879,182,30,2024-06-14,83,True,Mobile
880,85,42,2024-06-17,130,True,Desktop
881,55,42,2024-12-08,97,False,Mobile
882,141,25,2025-03-15,117,True,Desktop
883,198,6,2025-04-21,68,True,Tablet
884,73,42,2025-02-12,45,True,Tablet
885,189,20,2024-05-16,169,True,Mobile
886,95,32,2024-09-15,114,True,Tablet
887,24,24,2024-06-21,62,True,Tablet
888,24,1,2025-04-17,72,True,Desktop
889,127,42,2024-08-06,36,True,Tablet
890,21,31,2024-11-29,53,False,Smart TV
891,64,19,2024-07-14,27,True,Mobile
892,132,1,2025-04-18,39,True,Smart TV
893,91,6,2024-08-17,19,True,Tablet
894,46,26,2025-04-08,36,True,Smart TV
895,81,30,2024-05-23,130,True,Smart TV
896,88,12,2025-01-13,62,True,Smart TV
897,173,1,2025-05-01,116,True,Desktop
898,168,45,2024-10-06,169,False,Smart TV
899,159,40,2024-10-29,116,False,Mobile
900,33,1,2025-04-28,19,False,Desktop
901,7,42,2025-02-16,76,True,Desktop
902,23,30,2025-02-15,136,True,Mobile
903,43,48,2024-05-07,128,False,Tablet
904,6,38,2024-12-28,66,True,Tablet
905,14,7,2024-06-13,125,False,Tablet
906,189,47,2024-07-22,89,True,Tablet
907,125,47,2024-06-22,139,True,Mobile
908,136,1,2025-04-14,31,True,Tablet
909,122,1,2025-04-17,126,True,Smart TV
910,186,1,2025-04-17,74,True,Smart TV
911,155,46,2024-05-30,134,True,Smart TV
912,186,27,2024-05-22,107,False,Desktop
913,160,45,2025-03-18,138,True,Desktop
914,41,7,2024-10-01,141,True,Desktop
915,143,1,2025-04-20,81,True,Desktop
916,45,33,2025-04-15,31,True,Mobile
917,159,36,2025-01-07,139,True,Smart TV
918,91,50,2024-07-20,83,False,Mobile
919,181,1,2025-04-06,132,False,Mobile
920,28,40,2025-03-10,158,True,Mobile
921,43,14,2024-10-28,55,False,Tablet
922,196,47,2025-03-12,54,True,Smart TV
923,36,1,2025-04-17,121,False,Mobile
924,63,31,2024-11-08,88,True,Mobile
925,69,49,2024-10-01,107,True,Desktop
926,39,34,2024-09-28,73,True,Tablet
927,106,30,2024-08-10,107,False,Tablet
928,38,46,2024-08-10,32,True,Smart TV
929,103,11,2024-09-21,30,True,Mobile
930,170,10,2024-07-11,29,False,Smart TV
931,108,44,2024-05-08,156,False,Smart TV
932,89,1,2025-04-03,150,True,Desktop
933,180,42,2025-01-16,154,True,Tablet
934,179,42,2024-10-06,65,False,Mobile
935,10,25,2025-02-26,148,False,Smart TV
936,55,1,2025-04-15,102,False,Desktop
937,6,1,2025-04-24,92,False,Mobile
938,188,1,2025-04-23,175,True,Mobile
939,13,8,2024-09-14,91,True,Mobile
940,117,16,2024-07-08,159,False,Desktop
941,90,43,2024-07-12,50,False,Desktop
942,27,38,2025-01-23,107,True,Desktop
943,183,27,2025-03-21,38,True,Desktop
944,122,5,2024-10-24,149,True,Tablet
945,68,41,2024-09-27,127,False,Tablet
946,188,11,2025-02-17,144,True,Tablet
947,34,33,2024-08-04,45,False,Tablet
948,122,1,2025-04-01,158,True,Mobile
949,155,8,2025-03-01,109,True,Mobile
950,134,1,2025-04-22,110,True,Tablet
951,8,10,2024-07-04,122,True,Smart TV
952,73,48,2024-08-24,15,True,Smart TV
953,18,27,2024-08-28,161,True,Tablet
954,87,31,2024-06-25,48,False,Tablet
955,195,29,2025-02-14,98,True,Tablet
956,100,26,2024-11-09,153,True,Tablet
957,189,6,2025-02-06,21,True,Smart TV
958,144,42,2024-07-19,36,True,Mobile
959,146,49,2024-08-31,143,False,Mobile
960,169,12,2025-04-22,85,False,Desktop
961,181,38,2024-09-16,36,False,Smart TV
962,103,32,2025-04-20,102,True,Tablet
963,7,21,2024-10-18,80,True,Mobile
964,139,1,2025-04-26,80,False,Desktop
965,79,44,2025-02-04,30,True,Smart TV
966,47,1,2025-04-22,114,True,Desktop
967,106,17,2024-10-21,45,True,Desktop
968,193,16,2024-08-22,145,False,Tablet
969,30,21,2024-09-06,156,True,Tablet
970,8,15,2025-04-22,83,True,Mobile
971,64,42,2025-02-26,92,True,Tablet
972,22,33,2025-01-17,51,True,Desktop
973,63,28,2024-07-21,130,True,Tablet
974,159,11,2025-05-01,30,False,Tablet
975,70,44,2024-10-19,104,False,Desktop
976,150,19,2025-04-08,56,False,Mobile
977,77,1,2025-04-05,50,False,Smart TV
978,111,33,2024-11-20,102,True,Tablet
979,70,21,2024-11-08,68,True,Smart TV
980,5,9,2024-06-05,15,True,Mobile
981,3,27,2024-07-21,140,False,Mobile
982,167,35,2025-04-16,128,False,Smart TV
983,97,23,2024-10-15,60,False,Mobile
984,32,13,2024-09-16,17,True,Mobile
985,195,46,2024-10-30,64,True,Smart TV
986,184,32,2024-10-28,24,True,Desktop
987,2,1,2025-04-28,86,True,Tablet
988,44,43,2024-07-16,169,True,Mobile
989,151,1,2025-04-27,81,False,Desktop
990,134,18,2025-01-23,20,False,Smart TV
991,175,30,2025-04-30,124,True,Mobile
992,83,27,2024-12-12,46,False,Tablet
993,127,49,2025-04-09,72,True,Tablet
994,137,1,2025-04-19,64,True,Mobile
995,189,45,2024-09-27,34,False,Desktop
996,43,5,2024-06-15,175,True,Tablet
997,111,38,2024-06-15,100,False,Desktop
998,28,22,2025-04-04,100,True,Desktop
999,19,40,2024-09-19,39,True,Mobile
1000,22,3,2024-10-20,95,False,Mobile
1001,33,1,2025-04-30,92,True,Tablet
1002,17,1,2025-04-14,28,True,Tablet
1003,103,1,2025-04-24,168,False,Mobile
1004,117,28,2024-06-18,173,True,Mobile
1005,117,38,2025-01-23,42,True,Mobile
1006,152,13,2024-07-12,47,True,Smart TV
1007,91,47,2024-06-18,128,True,Desktop
1008,12,1,2025-04-13,126,True,Smart TV
1009,80,35,2025-02-16,52,True,Smart TV
1010,75,1,2025-04-15,165,False,Desktop
1011,15,36,2025-04-04,123,True,Desktop
1012,164,5,2024-11-08,63,False,Tablet
1013,154,38,2024-07-16,100,True,Tablet
1014,85,1,2025-04-03,25,True,Mobile
1015,164,15,2024-09-05,174,True,Tablet
1016,189,22,2024-10-21,67,True,Mobile
1017,93,1,2025-05-01,157,True,Smart TV
1018,113,1,2025-04-30,22,True,Smart TV
1019,45,17,2025-02-01,101,False,Desktop
1020,46,1,2025-04-05,82,False,Mobile
1021,174,1,2025-04-21,68,True,Desktop
1022,95,43,2025-02-03,149,False,Tablet
1023,183,1,2025-04-03,48,False,Desktop
1024,137,24,2024-11-20,168,True,Desktop
1025,12,38,2025-01-25,152,True,Desktop
1026,84,41,2024-12-09,47,False,Tablet
1027,54,31,2024-05-27,172,True,Tablet
1028,193,49,2024-08-14,110,True,Tablet
1029,46,24,2024-08-05,138,False,Tablet
1030,122,26,2024-06-09,164,True,Desktop
1031,57,29,2025-01-01,116,True,Tablet
1032,97,24,2024-12-22,155,True,Mobile
1033,76,23,2025-01-04,164,True,Smart TV
1034,110,28,2024-10-04,109,False,Smart TV
1035,70,12,2024-09-17,74,True,Mobile
1036,92,19,2024-08-18,146,True,Mobile
1037,71,7,2025-03-02,33,True,Desktop
1038,86,1,2025-04-23,92,False,Smart TV
1039,49,9,2024-07-27,81,True,Smart TV
1040,73,26,2024-10-06,163,False,Mobile
1041,121,49,2025-02-14,116,True,Desktop
1042,122,38,2024-07-23,134,False,Tablet
1043,88,21,2025-01-25,124,False,Tablet
1044,54,36,2025-04-16,110,True,Desktop
1045,79,1,2025-04-16,105,True,Tablet
1046,109,26,2024-05-13,152,True,Mobile
1047,146,9,2025-02-12,99,True,Tablet
1048,98,26,2025-03-30,151,True,Tablet
1049,28,29,2024-06-08,92,True,Mobile
1050,173,3,2024-05-14,169,True,Desktop
1051,51,1,2025-04-22,67,True,Mobile
1052,117,1,2025-04-26,98,False,Tablet
1053,101,1,2025-04-27,152,True,Mobile
1054,100,14,2025-02-24,67,True,Tablet
1055,41,20,2024-07-05,66,True,Tablet
1056,71,10,2024-09-15,31,False,Desktop
1057,135,37,2024-08-23,132,True,Mobile
1058,189,1,2025-04-20,91,True,Desktop
1059,107,40,2024-09-22,132,True,Desktop
1060,179,26,2024-05-09,26,True,Desktop
1061,71,35,2024-12-03,32,False,Desktop
1062,127,49,2024-07-22,46,False,Mobile
1063,194,1,2025-04-18,130,True,Desktop
1064,130,1,2025-04-29,178,False,Tablet
1065,98,26,2025-01-22,116,True,Smart TV
1066,30,9,2024-11-15,133,True,Mobile
1067,22,16,2024-05-01,127,True,Smart TV
1068,42,1,2025-04-12,40,True,Mobile
1069,137,11,2025-03-23,17,False,Desktop
1070,113,14,2024-05-01,23,False,Desktop
1071,114,41,2024-08-07,179,False,Mobile
1072,100,29,2025-04-05,168,True,Tablet
1073,197,16,2024-10-22,76,True,Mobile
1074,108,1,2025-04-21,64,False,Mobile
1075,57,7,2024-05-26,57,False,Mobile
1076,107,21,2024-11-17,158,True,Desktop
1077,139,28,2025-03-01,74,True,Smart TV
1078,83,1,2025-04-11,95,True,Desktop
1079,118,43,2024-12-10,174,True,Mobile
1080,56,50,2024-06-29,142,False,Mobile
1081,183,37,2025-02-03,79,False,Smart TV
1082,162,44,2024-05-11,49,True,Smart TV
1083,171,22,2025-04-22,170,False,Tablet
1084,98,48,2025-01-02,143,True,Mobile
1085,60,1,2025-04-22,75,False,Desktop
1086,159,1,2025-04-20,142,True,Desktop
1087,97,3,2024-12-31,168,False,Tablet
1088,190,9,2024-12-10,96,True,Mobile
1089,134,27,2024-06-04,88,False,Desktop
1090,188,16,2025-01-16,153,True,Desktop
1091,176,15,2024-06-24,112,True,Desktop
1092,114,5,2024-08-23,32,False,Mobile
1093,163,14,2025-02-26,38,True,Desktop
1094,61,28,2024-09-04,94,True,Desktop
1095,63,39,2024-12-25,92,True,Tablet
1096,163,31,2025-03-22,107,True,Desktop
1097,121,33,2024-06-23,125,False,Tablet
1098,6,28,2025-03-20,91,True,Desktop
1099,142,17,2024-10-19,133,True,Smart TV
1100,97,31,2025-03-26,100,True,Tablet
1101,51,1,2025-05-01,18,False,Smart TV
1102,126,27,2024-10-11,110,True,Smart TV
1103,165,5,2024-10-04,24,False,Mobile
1104,99,11,2025-01-22,126,False,Smart TV
1105,131,41,2024-05-14,109,False,Tablet
1106,109,16,2024-08-30,23,False,Smart TV
1107,162,2,2024-05-09,180,True,Tablet
1108,175,1,2025-04-12,163,False,Desktop
1109,4,1,2025-04-11,113,True,Mobile
1110,133,28,2025-02-06,124,True,Smart TV
1111,129,43,2024-10-18,165,True,Tablet
1112,193,47,2025-03-17,42,True,Smart TV
1113,37,14,2024-10-10,93,True,Desktop
1114,126,1,2025-04-07,121,True,Smart TV
1115,188,12,2024-10-22,62,False,Desktop
1116,125,1,2025-04-17,160,False,Desktop
1117,52,1,2025-04-06,64,True,Tablet
1118,113,40,2025-03-07,177,True,Smart TV
1119,22,18,2025-03-30,102,True,Desktop
1120,123,49,2025-03-11,17,True,Mobile
1121,171,3,2025-03-13,69,True,Mobile
1122,97,49,2024-12-16,139,True,Smart TV
1123,155,24,2024-05-17,102,False,Desktop
1124,93,25,2024-06-23,29,False,Smart TV
1125,26,1,2025-04-08,50,True,Mobile
1126,136,45,2024-12-25,109,True,Tablet
1127,132,13,2025-04-30,178,False,Smart TV
1128,5,3,2024-11-16,128,True,Tablet
1129,103,6,2024-11-04,124,False,Tablet
1130,169,7,2024-10-16,90,True,Desktop
1131,134,46,2024-08-16,23,True,Mobile
1132,78,36,2024-09-04,58,False,Mobile
1133,124,16,2024-12-28,69,True,Mobile
1134,28,46,2025-04-17,56,False,Smart TV
1135,99,15,2024-12-21,136,False,Mobile
1136,171,1,2025-04-29,100,False,Mobile
1137,165,46,2024-10-18,179,False,Tablet
1138,60,8,2024-12-04,37,True,Smart TV
1139,190,13,2025-03-03,161,True,Smart TV
1140,98,1,2025-04-22,30,True,Desktop
1141,100,21,2024-10-27,47,True,Desktop
1142,28,35,2024-09-08,95,True,Smart TV
1143,57,30,2025-02-15,168,True,Mobile
1144,154,33,2024-05-14,46,True,Tablet
1145,162,32,2024-12-03,111,True,Smart TV
1146,40,14,2025-01-06,28,False,Desktop
1147,125,20,2024-05-29,55,False,Tablet
1148,87,31,2024-11-04,115,True,Smart TV
1149,73,13,2024-05-08,155,True,Desktop
1150,83,38,2025-04-04,92,True,Desktop
1151,148,1,2025-04-22,52,True,Desktop
1152,189,24,2024-07-11,41,False,Desktop
1153,97,28,2024-05-19,58,False,Mobile
1154,92,12,2025-04-05,45,False,Smart TV
1155,152,10,2024-06-14,118,True,Mobile
1156,62,20,2024-05-14,167,False,Tablet
1157,199,43,2024-05-29,37,False,Tablet
1158,71,29,2024-10-25,17,True,Mobile
1159,32,43,2024-08-14,72,True,Tablet
1160,71,7,2024-07-02,61,True,Tablet
1161,77,7,2024-11-16,31,False,Desktop
1162,104,2,2024-10-12,157,False,Tablet
1163,17,38,2024-07-30,46,False,Desktop
1164,169,12,2024-06-29,61,True,Tablet
1165,81,1,2025-04-13,67,False,Mobile
1166,144,49,2025-04-14,36,False,Smart TV
1167,94,11,2024-09-27,15,True,Mobile
1168,133,19,2024-05-29,151,True,Tablet
1169,178,23,2024-06-25,152,True,Mobile
1170,170,16,2025-04-13,63,True,Desktop
1171,35,14,2024-07-03,106,True,Tablet
1172,20,17,2024-10-18,56,True,Mobile
1173,66,45,2025-02-17,152,True,Smart TV
1174,163,13,2024-05-01,110,True,Desktop
1175,108,21,2024-09-21,112,True,Desktop
1176,20,35,2025-03-06,155,True,Smart TV
1177,164,1,2025-04-07,84,True,Desktop
1178,71,1,2025-04-24,111,False,Mobile
1179,45,20,2024-07-04,140,True,Smart TV
1180,180,19,2024-07-23,84,True,Mobile
1181,44,49,2024-10-14,61,True,Tablet
1182,123,17,2025-04-27,146,False,Desktop
1183,37,48,2024-12-16,28,False,Smart TV
1184,182,44,2024-06-24,122,False,Desktop
1185,113,30,2024-08-17,88,True,Tablet
1186,134,15,2024-11-26,177,False,Smart TV
1187,105,6,2024-06-11,35,True,Desktop
1188,24,1,2025-04-29,88,True,Tablet
1189,3,28,2024-05-20,145,False,Desktop
1190,123,44,2024-05-20,151,False,Tablet
1191,4,48,2025-04-28,123,False,Smart TV
1192,63,43,2024-08-04,170,True,Tablet
1193,44,49,2024-08-06,72,True,Smart TV
1194,35,4,2024-09-27,141,True,Smart TV
1195,29,44,2024-12-25,153,False,Mobile
1196,75,19,2024-12-17,69,True,Tablet
1197,56,42,2024-08-11,24,False,Tablet
1198,15,40,2024-09-08,99,True,Mobile
1199,2,47,2025-01-26,117,True,Mobile
1200,111,6,2024-08-04,146,False,Tablet
1201,32,1,2025-04-27,79,True,Tablet
1202,96,28,2025-01-28,152,False,Mobile
1203,113,29,2025-02-08,50,True,Tablet
1204,2,46,2025-01-20,43,True,Mobile
1205,35,48,2024-11-13,23,True,Desktop
1206,123,18,2025-03-02,122,True,Tablet
1207,175,21,2024-10-09,143,False,Tablet
1208,34,1,2025-04-06,20,True,Smart TV
1209,129,1,2025-04-30,102,True,Mobile
1210,112,19,2024-08-26,36,False,Desktop
1211,159,1,2025-04-24,86,False,Smart TV
1212,180,28,2025-01-20,136,False,Mobile
1213,180,40,2025-01-29,63,False,Desktop
1214,59,1,2025-04-30,85,False,Desktop
1215,110,1,2025-04-29,28,True,Smart TV
1216,180,15,2025-01-08,101,True,Mobile
1217,131,4,2024-11-27,43,True,Smart TV
1218,90,16,2024-11-19,27,True,Mobile
1219,14,21,2025-01-13,88,True,Mobile
1220,111,1,2025-04-20,100,True,Mobile
1221,172,1,2025-04-21,107,False,Smart TV
1222,191,34,2024-06-26,110,True,Smart TV
1223,54,6,2025-03-08,48,True,Mobile
1224,11,42,2025-01-24,64,False,Mobile
1225,20,40,2024-11-07,92,False,Desktop
1226,137,3,2025-02-25,64,True,Smart TV
1227,195,36,2024-11-05,108,True,Mobile
1228,112,1,2025-04-15,143,False,Desktop
1229,154,9,2024-12-04,26,False,Mobile
1230,178,1,2025-04-16,151,False,Mobile
1231,43,33,2024-10-17,158,False,Tablet
1232,156,12,2025-04-30,55,True,Mobile
1233,132,46,2024-08-06,81,True,Desktop
1234,76,36,2025-03-02,58,True,Desktop
1235,75,1,2025-04-01,86,False,Smart TV
1236,14,16,2025-01-14,151,True,Smart TV
1237,162,24,2024-11-16,36,False,Smart TV
1238,185,1,2025-04-21,29,True,Mobile
1239,92,18,2025-01-31,80,False,Mobile
1240,185,25,2024-06-01,80,False,Desktop
1241,114,18,2025-01-17,163,True,Tablet
1242,40,47,2024-09-21,109,True,Tablet
1243,24,30,2025-01-27,60,True,Tablet
1244,187,1,2025-05-01,94,True,Desktop
1245,101,13,2025-03-27,51,True,Desktop
1246,117,26,2025-03-11,149,True,Mobile
1247,155,1,2025-05-01,43,False,Mobile
1248,34,6,2024-12-15,51,False,Mobile
1249,3,7,2024-07-28,101,False,Mobile
1250,52,1,2025-04-05,56,True,Tablet
1251,40,35,2024-05-12,83,True,Mobile
1252,6,7,2024-07-27,90,True,Tablet
1253,37,1,2025-05-01,73,True,Desktop
1254,91,15,2024-05-16,113,False,Mobile
1255,126,1,2025-04-24,41,False,Smart TV
1256,92,1,2025-04-28,107,False,Mobile
1257,12,12,2024-09-24,150,True,Desktop
1258,174,43,2024-05-15,92,True,Smart TV
1259,90,18,2024-08-19,109,False,Mobile
1260,1,10,2024-05-31,52,True,Tablet
1261,115,31,2025-03-28,43,True,Smart TV
1262,38,1,2025-04-26,113,True,Tablet
1263,109,27,2024-06-27,177,True,Desktop
1264,99,32,2024-07-30,151,True,Desktop
1265,99,1,2025-04-15,162,False,Desktop
1266,180,1,2025-05-01,67,False,Mobile
1267,93,9,2025-03-06,30,False,Smart TV
1268,200,19,2024-09-08,51,False,Tablet
1269,63,15,2025-04-03,50,True,Desktop
1270,97,45,2024-09-26,110,True,Mobile
1271,170,31,2024-07-01,55,True,Smart TV
1272,37,1,2025-05-01,160,False,Tablet
1273,39,31,2025-02-19,150,False,Smart TV
1274,121,22,2024-09-16,180,False,Smart TV
1275,29,1,2025-04-12,59,True,Mobile
1276,102,44,2024-09-11,156,False,Smart TV
1277,147,46,2025-01-05,123,False,Smart TV
1278,24,9,2025-01-13,117,True,Desktop
1279,101,1,2025-04-05,134,True,Tablet
1280,98,1,2025-04-11,123,True,Mobile
1281,27,1,2025-05-01,76,True,Mobile
1282,17,1,2025-04-07,94,True,Desktop
1283,164,16,2024-12-15,36,False,Mobile
1284,145,31,2025-04-08,27,True,Smart TV
1285,3,49,2024-12-08,116,True,Smart TV
1286,193,23,2025-02-24,39,True,Mobile
1287,129,10,2025-04-19,165,False,Tablet
1288,151,3,2024-12-04,56,True,Tablet
1289,21,6,2025-01-03,70,False,Desktop
1290,197,33,2024-08-10,170,False,Smart TV
1291,115,22,2024-12-04,107,True,Tablet
1292,11,50,2024-05-17,114,True,Mobile
1293,40,32,2025-03-13,18,True,Smart TV
1294,141,6,2024-08-19,39,True,Desktop
1295,76,1,2025-04-13,108,True,Mobile
1296,46,30,2024-12-20,136,False,Tablet
1297,167,8,2024-07-14,139,True,Smart TV
1298,103,40,2024-05-18,48,True,Smart TV
1299,96,1,2025-04-15,130,True,Mobile
1300,159,4,2024-12-27,158,True,Mobile
1301,75,37,2024-10-09,33,True,Tablet
1302,172,1,2025-04-17,179,True,Tablet
1303,28,1,2025-04-02,116,False,Desktop
1304,103,21,2024-11-07,169,True,Tablet
1305,30,3,2024-07-26,54,False,Desktop
1306,164,37,2025-04-15,168,False,Mobile
1307,93,31,2025-01-12,28,True,Mobile
1308,195,18,2024-12-23,177,True,Desktop
1309,18,6,2024-11-30,130,False,Desktop
1310,172,12,2025-04-04,38,False,Tablet
1311,88,20,2025-02-06,65,True,Tablet
1312,124,45,2025-02-08,126,True,Tablet
1313,3,39,2025-01-20,34,False,Desktop
1314,83,47,2024-11-20,18,True,Tablet
1315,38,21,2025-03-04,119,True,Mobile
1316,116,9,2024-06-11,130,True,Mobile
1317,10,13,2024-09-28,154,False,Tablet
1318,56,13,2024-05-19,162,False,Smart TV
1319,94,1,2025-04-15,46,False,Tablet
1320,106,23,2024-07-28,124,True,Smart TV
1321,30,30,2024-09-24,110,True,Desktop
1322,139,19,2024-05-29,126,True,Mobile
1323,23,7,2025-03-17,19,True,Tablet
1324,27,49,2024-06-16,154,True,Tablet
1325,129,3,2024-05-25,89,False,Desktop
1326,58,36,2024-10-18,44,True,Tablet
1327,32,30,2024-10-02,180,False,Tablet
1328,2,15,2024-08-15,87,True,Smart TV
1329,79,27,2024-05-22,76,True,Tablet
1330,9,1,2025-04-06,110,False,Smart TV
1331,86,1,2025-04-24,157,False,Desktop
1332,158,4,2024-07-10,124,True,Tablet
1333,187,1,2025-04-15,55,True,Mobile
1334,182,33,2025-03-02,176,True,Tablet
1335,196,17,2024-07-22,55,False,Desktop
1336,24,1,2025-05-01,175,False,Desktop
1337,8,35,2025-03-22,161,True,Desktop
1338,117,50,2024-10-30,62,True,Desktop
1339,77,1,2025-04-08,111,False,Mobile
1340,71,1,2025-04-11,20,True,Mobile
1341,29,39,2025-02-28,42,True,Smart TV
1342,47,1,2025-04-04,107,False,Desktop
1343,101,1,2025-04-18,33,True,Mobile
1344,54,25,2024-11-22,177,False,Desktop
1345,47,12,2024-05-29,160,True,Mobile
1346,31,23,2024-08-27,172,True,Mobile
1347,41,17,2025-02-28,64,True,Mobile
1348,133,10,2025-01-11,108,True,Desktop
1349,8,15,2025-03-20,47,True,Tablet
1350,52,23,2024-05-04,156,False,Tablet
1351,191,28,2024-08-12,117,False,Smart TV
1352,45,1,2025-04-01,115,True,Smart TV
1353,43,47,2024-08-25,125,False,Tablet
1354,153,21,2024-06-17,42,True,Tablet
1355,52,24,2024-06-12,31,True,Mobile
1356,131,27,2024-12-02,169,False,Smart TV
1357,102,1,2025-04-06,97,True,Desktop
1358,92,14,2024-05-30,110,True,Smart TV
1359,32,1,2025-04-09,99,True,Smart TV
1360,60,25,2024-12-07,169,True,Desktop
1361,27,46,2024-06-24,34,True,Tablet
1362,175,21,2024-11-19,65,True,Tablet
1363,128,1,2025-04-18,45,True,Desktop
1364,154,25,2024-12-31,162,True,Mobile
1365,165,37,2025-04-29,133,True,Tablet
1366,10,34,2025-04-11,101,True,Mobile
1367,121,1,2025-04-08,92,True,Smart TV
1368,103,1,2025-04-16,171,True,Smart TV
1369,179,32,2024-06-07,46,False,Mobile
1370,8,1,2025-04-27,41,False,Tablet
1371,58,1,2025-04-08,109,False,Mobile
1372,177,17,2025-04-09,43,True,Smart TV
1373,20,45,2024-06-22,112,True,Desktop
1374,36,8,2025-02-26,96,False,Tablet
1375,164,8,2024-08-07,150,True,Tablet
1376,170,18,2024-11-18,138,True,Smart TV
1377,197,6,2024-11-02,157,False,Desktop
1378,169,14,2024-05-11,34,True,Tablet
1379,16,43,2025-01-11,134,False,Desktop
1380,125,1,2025-04-05,166,False,Smart TV
1381,195,46,2024-09-11,54,False,Mobile
1382,34,24,2024-10-16,130,False,Desktop
1383,200,5,2024-12-10,123,True,Smart TV
1384,148,10,2024-09-07,42,False,Desktop
1385,5,12,2024-12-16,22,True,Tablet
1386,91,36,2025-03-19,105,True,Desktop
1387,102,33,2024-11-12,28,True,Smart TV
1388,26,1,2025-04-08,123,True,Desktop
1389,104,1,2025-04-15,170,True,Tablet
1390,28,42,2024-12-25,43,True,Mobile
1391,10,16,2025-03-29,151,True,Desktop
1392,159,26,2024-10-13,115,True,Smart TV
1393,127,14,2024-11-05,178,True,Smart TV
1394,188,1,2025-04-15,174,True,Smart TV
1395,177,21,2024-05-18,32,True,Smart TV
1396,117,1,2025-04-10,136,True,Mobile
1397,46,5,2025-02-03,17,True,Tablet
1398,150,1,2025-04-16,43,True,Mobile
1399,146,19,2025-01-05,149,True,Desktop
1400,199,1,2025-04-06,100,True,Smart TV
1401,140,32,2024-12-23,108,True,Smart TV
1402,78,34,2024-05-27,167,True,Smart TV
1403,176,41,2025-04-21,52,False,Desktop
1404,169,23,2024-08-20,22,True,Tablet
1405,93,6,2025-01-22,111,True,Smart TV
1406,161,29,2024-08-05,59,True,Smart TV
1407,85,27,2024-12-11,94,True,Smart TV
1408,157,1,2025-04-13,103,True,Mobile
1409,128,10,2024-09-05,53,True,Smart TV
1410,160,11,2024-11-27,139,True,Smart TV
1411,4,14,2024-12-08,166,True,Tablet
1412,79,1,2025-04-10,15,True,Desktop
1413,90,33,2024-05-26,158,True,Mobile
1414,183,47,2025-01-21,125,True,Mobile
1415,75,31,2024-11-01,78,False,Tablet
1416,109,7,2024-12-19,92,True,Desktop
1417,145,21,2024-07-09,50,False,Desktop
1418,65,1,2025-04-22,93,True,Tablet
1419,140,1,2025-04-28,50,True,Smart TV
1420,129,46,2024-10-30,134,True,Tablet
1421,108,30,2025-04-17,158,True,Tablet
1422,23,40,2024-11-28,77,True,Smart TV
1423,33,37,2024-12-02,28,False,Tablet
1424,33,1,2025-04-17,147,True,Mobile
1425,22,1,2025-04-21,167,True,Smart TV
1426,145,22,2025-03-31,46,False,Mobile
1427,180,10,2024-07-18,141,True,Desktop
1428,78,47,2025-04-28,139,True,Desktop
1429,30,1,2025-04-12,45,True,Desktop
1430,53,1,2025-04-05,144,True,Mobile
1431,32,31,2025-01-27,75,False,Smart TV
1432,157,43,2024-06-20,46,True,Mobile
1433,48,1,2025-04-26,145,False,Desktop
1434,122,19,2024-05-25,40,False,Tablet
1435,95,26,2024-10-16,42,True,Tablet
1436,38,1,2025-04-28,159,True,Smart TV
1437,9,43,2024-06-18,128,True,Smart TV
1438,36,47,2024-09-09,85,True,Desktop
1439,92,33,2025-01-14,104,False,Tablet
1440,132,1,2025-04-20,159,True,Desktop
1441,72,43,2024-11-27,115,True,Tablet
1442,97,39,2024-05-29,61,True,Smart TV
1443,34,38,2024-07-08,104,True,Tablet
1444,18,1,2025-04-24,39,False,Tablet
1445,174,49,2025-01-03,75,True,Desktop
1446,187,49,2024-09-28,31,True,Smart TV
1447,30,1,2025-04-17,110,True,Mobile
1448,45,45,2024-09-13,111,True,Desktop
1449,51,29,2024-05-19,88,True,Desktop
1450,112,13,2025-03-18,164,True,Mobile
1451,53,1,2025-04-03,16,True,Tablet
1452,146,5,2024-11-08,62,False,Tablet
1453,49,37,2024-09-01,143,True,Desktop
1454,18,41,2024-10-21,33,True,Desktop
1455,133,8,2024-08-19,74,True,Smart TV
1456,6,19,2024-12-24,114,False,Mobile
1457,41,5,2024-08-01,162,True,Smart TV
1458,103,35,2024-05-09,43,True,Smart TV
1459,168,1,2025-04-18,81,True,Mobile
1460,36,47,2024-11-14,30,True,Mobile
1461,145,45,2025-04-13,103,False,Tablet
1462,154,6,2024-07-23,137,False,Smart TV
1463,186,1,2025-04-16,144,True,Smart TV
1464,111,15,2025-04-21,29,True,Desktop
1465,137,25,2024-05-17,19,True,Mobile
1466,100,45,2025-02-26,125,False,Desktop
1467,30,40,2024-10-25,105,True,Tablet
1468,15,6,2024-07-04,17,True,Mobile
1469,4,16,2025-04-02,34,True,Tablet
1470,47,21,2024-11-03,169,False,Desktop
1471,75,1,2025-04-16,46,False,Mobile
1472,65,14,2024-08-21,106,False,Desktop
1473,114,24,2024-07-23,89,False,Desktop
1474,135,21,2024-05-09,153,True,Mobile
1475,89,46,2024-06-17,139,True,Desktop
1476,36,34,2025-01-03,93,False,Desktop
1477,32,10,2025-04-13,75,False,Tablet
1478,30,1,2025-04-23,86,True,Smart TV
1479,22,1,2025-04-16,19,False,Tablet
1480,114,1,2025-04-19,62,False,Mobile
1481,170,35,2024-11-04,21,False,Smart TV
1482,68,38,2025-01-11,22,True,Tablet
1483,110,48,2025-04-02,42,True,Smart TV
1484,137,37,2024-07-15,147,True,Tablet
1485,120,16,2025-02-23,18,True,Smart TV
1486,22,50,2024-07-28,90,True,Tablet
1487,10,24,2024-12-15,79,False,Mobile
1488,32,43,2024-11-18,82,False,Tablet
1489,119,1,2025-04-17,24,False,Tablet
1490,164,14,2024-10-04,29,True,Mobile
1491,71,36,2024-11-22,31,True,Smart TV
1492,197,17,2024-08-21,47,True,Desktop
1493,38,42,2025-04-06,74,True,Mobile
1494,48,29,2024-07-09,96,True,Desktop
1495,16,17,2024-12-21,19,False,Smart TV
1496,139,39,2025-01-01,104,True,Tablet
1497,29,16,2025-01-17,98,True,Tablet
1498,19,19,2025-02-17,21,True,Smart TV
1499,86,42,2024-10-22,135,False,Smart TV
1500,160,1,2025-04-30,89,False,Mobile
1501,28,21,2024-08-13,145,False,Smart TV
1502,56,38,2025-04-15,53,True,Mobile
1503,20,15,2024-07-16,143,False,Tablet
1504,138,34,2025-04-05,170,True,Tablet
1505,82,37,2024-12-02,77,True,Smart TV
1506,60,48,2025-03-03,76,True,Tablet
1507,93,1,2025-04-02,107,False,Desktop
1508,115,15,2024-07-14,47,False,Desktop
1509,199,44,2024-07-06,50,True,Smart TV
1510,88,6,2024-10-04,122,True,Desktop
1511,148,50,2025-01-20,61,False,Mobile
1512,43,1,2025-04-07,156,False,Tablet
1513,191,1,2025-04-05,125,True,Desktop
1514,19,1,2025-04-03,123,True,Tablet
1515,179,46,2024-12-02,45,True,Smart TV
1516,152,7,2025-04-08,33,False,Smart TV
1517,115,41,2024-09-13,126,True,Tablet
1518,180,1,2025-04-08,165,False,Mobile
1519,39,38,2024-07-02,109,False,Tablet
1520,98,12,2024-08-14,165,True,Mobile
1521,60,22,2025-04-07,159,True,Tablet
1522,74,21,2025-01-30,51,True,Desktop
1523,111,37,2024-06-20,95,True,Smart TV
1524,43,1,2025-04-16,127,True,Desktop
1525,74,17,2024-06-25,42,False,Smart TV
1526,37,1,2025-05-01,168,False,Desktop
1527,2,2,2024-10-24,67,True,Tablet
1528,188,9,2024-09-11,90,False,Mobile
1529,114,32,2024-12-18,37,False,Smart TV
1530,188,23,2025-03-22,71,False,Smart TV
1531,41,18,2024-09-11,176,False,Mobile
1532,181,3,2024-09-22,40,False,Smart TV
1533,49,43,2024-06-15,24,False,Mobile
1534,63,1,2025-04-04,71,False,Smart TV
1535,121,1,2025-04-08,142,True,Desktop
1536,163,34,2025-01-12,15,True,Tablet
1537,143,46,2025-01-30,24,True,Smart TV
1538,158,38,2025-01-01,178,True,Desktop
1539,77,19,2024-05-24,139,True,Tablet
1540,154,31,2024-12-01,39,True,Smart TV
1541,108,21,2024-12-26,123,True,Tablet
1542,82,23,2024-05-10,116,False,Tablet
1543,126,44,2025-01-01,22,True,Desktop
1544,105,1,2025-04-23,96,True,Tablet
1545,109,4,2024-12-15,139,False,Smart TV
1546,163,20,2024-09-14,119,True,Desktop
1547,138,41,2025-03-06,172,True,Desktop
1548,155,47,2025-04-21,112,True,Smart TV
1549,91,36,2025-03-30,27,True,Smart TV
1550,138,1,2025-04-05,152,True,Desktop
1551,75,24,2024-11-13,120,True,Desktop
1552,4,1,2025-04-07,149,True,Tablet
1553,125,1,2025-04-22,21,True,Desktop
1554,9,8,2024-10-20,117,True,Smart TV
1555,22,1,2025-05-01,18,False,Desktop
1556,25,26,2025-01-22,170,False,Smart TV
1557,109,2,2024-11-28,85,True,Mobile
1558,68,37,2024-09-02,111,True,Mobile
1559,57,36,2024-12-10,138,True,Desktop
1560,98,1,2025-04-08,115,False,Mobile
1561,116,2,2024-10-10,74,True,Tablet
1562,145,1,2025-04-21,51,False,Mobile
1563,25,14,2024-08-24,166,True,Desktop
1564,104,31,2024-08-07,160,False,Mobile
1565,197,27,2024-11-23,101,False,Mobile
1566,83,39,2024-10-05,16,True,Desktop
1567,194,32,2024-07-26,142,True,Desktop
1568,83,31,2024-08-11,157,False,Mobile
1569,27,5,2024-10-21,47,False,Desktop
1570,134,11,2025-01-20,127,False,Mobile
1571,10,32,2025-02-03,175,False,Tablet
1572,36,36,2024-09-29,117,True,Mobile
1573,112,47,2024-05-20,84,True,Smart TV
1574,145,10,2024-12-04,148,False,Smart TV
1575,133,31,2024-09-07,68,False,Desktop
1576,43,31,2025-04-26,96,True,Desktop
1577,121,1,2025-04-22,63,True,Mobile
1578,138,7,2025-03-31,174,True,Desktop
1579,18,36,2025-01-06,103,True,Desktop
1580,71,28,2024-07-06,93,True,Tablet
1581,66,42,2024-05-29,66,True,Desktop
1582,27,18,2025-01-30,82,True,Desktop
1583,134,50,2024-10-17,99,True,Smart TV
1584,189,43,2024-09-01,68,True,Desktop
1585,56,1,2025-04-27,57,True,Mobile
1586,83,1,2025-04-27,145,False,Tablet
1587,171,20,2024-08-18,45,True,Tablet
1588,97,46,2024-09-01,105,True,Smart TV
1589,136,1,2025-04-01,57,False,Smart TV
1590,183,1,2025-04-14,128,True,Smart TV
1591,176,1,2025-04-11,104,True,Smart TV
1592,120,23,2024-09-26,69,True,Desktop
1593,98,48,2025-04-26,65,True,Desktop
1594,2,22,2025-03-14,109,False,Mobile
1595,156,42,2024-12-12,179,True,Mobile
1596,179,18,2024-06-15,29,False,Mobile
1597,184,39,2024-06-12,131,True,Tablet
1598,192,49,2024-07-26,41,True,Mobile
1599,157,10,2024-05-05,60,False,Desktop
1600,22,8,2025-04-03,128,True,Mobile
1601,81,1,2025-04-04,64,False,Mobile
1602,86,21,2024-05-03,58,False,Smart TV
1603,133,1,2025-04-18,30,True,Desktop
1604,187,12,2024-09-16,26,True,Desktop
1605,177,12,2024-06-10,15,True,Smart TV
1606,31,37,2024-05-10,37,True,Tablet
1607,23,1,2025-04-26,37,True,Mobile
1608,197,1,2025-04-25,178,True,Mobile
1609,186,20,2024-05-18,179,False,Desktop
1610,192,9,2024-11-24,28,True,Smart TV
1611,46,37,2024-11-21,120,True,Desktop
1612,70,12,2024-12-01,81,False,Smart TV
1613,24,38,2024-10-27,104,False,Tablet
1614,162,11,2025-04-13,164,True,Desktop
1615,180,42,2024-05-17,88,True,Smart TV
1616,24,14,2024-12-20,70,True,Mobile
1617,30,41,2025-01-26,136,True,Smart TV
1618,96,43,2024-07-04,23,True,Mobile
1619,162,1,2025-04-26,122,True,Smart TV
1620,166,12,2024-10-30,93,True,Desktop
1621,193,1,2025-04-13,162,False,Tablet
1622,122,17,2024-10-22,168,True,Tablet
1623,77,1,2025-04-07,144,True,Tablet
1624,199,37,2024-10-08,166,True,Desktop
1625,77,45,2024-08-06,65,False,Desktop
1626,34,4,2025-03-16,94,False,Desktop
1627,89,11,2024-09-08,15,False,Desktop
1628,45,6,2025-01-27,75,False,Tablet
1629,24,10,2024-05-16,157,False,Smart TV
1630,2,23,2025-03-11,135,True,Tablet
1631,179,31,2024-05-24,111,False,Desktop
1632,196,25,2025-02-25,96,False,Desktop
1633,103,19,2024-05-21,123,True,Mobile
1634,89,48,2024-07-05,21,True,Desktop
1635,197,24,2024-11-08,143,False,Tablet
1636,20,9,2024-08-19,63,True,Smart TV
1637,112,1,2025-04-11,61,True,Smart TV
1638,80,31,2025-04-14,81,False,Tablet
1639,46,1,2025-04-17,36,True,Mobile
1640,168,1,2025-04-26,96,True,Tablet
1641,176,32,2024-06-01,117,True,Mobile
1642,78,48,2024-06-11,44,True,Tablet
1643,129,31,2024-05-02,100,False,Smart TV
1644,29,28,2024-08-02,113,False,Mobile
1645,39,1,2025-04-25,146,False,Tablet
1646,112,1,2025-04-30,46,False,Tablet
1647,94,1,2025-04-23,123,True,Smart TV
1648,197,35,2024-12-16,60,True,Tablet
1649,5,20,2024-06-10,24,True,Smart TV
1650,188,1,2025-04-24,59,True,Mobile
1651,33,41,2024-08-22,125,False,Smart TV
1652,118,16,2024-08-06,160,True,Mobile
1653,84,10,2024-06-24,178,False,Mobile
1654,98,47,2025-03-22,101,False,Smart TV
1655,109,12,2024-12-21,35,False,Tablet
1656,30,37,2024-12-19,92,True,Desktop
1657,178,24,2024-07-12,136,True,Tablet
1658,71,50,2025-01-26,85,True,Mobile
1659,155,12,2024-05-19,87,True,Tablet
1660,54,1,2025-04-10,48,True,Tablet
1661,154,41,2024-11-20,39,True,Mobile
1662,182,5,2024-06-22,88,False,Tablet
1663,151,39,2024-11-14,153,True,Mobile
1664,88,23,2024-09-16,53,True,Tablet
1665,54,11,2024-05-22,114,True,Mobile
1666,170,6,2024-06-12,139,True,Smart TV
1667,22,34,2024-10-24,92,True,Smart TV
1668,116,2,2025-02-11,174,True,Smart TV
1669,145,49,2025-04-20,87,True,Tablet
1670,61,35,2025-02-23,111,True,Mobile
1671,25,14,2025-03-06,161,True,Desktop
1672,197,48,2024-10-08,155,True,Desktop
1673,108,18,2024-11-19,107,True,Smart TV
1674,129,26,2025-01-06,118,True,Tablet
1675,74,29,2025-02-10,60,True,Mobile
1676,137,49,2024-09-06,59,False,Mobile
1677,99,27,2024-09-29,120,True,Mobile
1678,159,40,2024-06-18,143,False,Tablet
1679,6,16,2025-02-05,160,True,Mobile
1680,95,1,2025-04-14,145,False,Desktop
1681,118,16,2025-02-01,135,False,Desktop
1682,83,1,2025-04-03,22,True,Tablet
1683,118,39,2024-09-16,76,False,Tablet
1684,129,39,2024-11-13,55,True,Mobile
1685,2,44,2024-05-20,119,False,Tablet
1686,99,1,2025-04-01,81,False,Mobile
1687,184,42,2024-08-01,21,True,Mobile
1688,75,47,2025-04-11,108,True,Tablet
1689,110,7,2025-02-16,82,False,Mobile
1690,185,1,2025-04-10,101,True,Desktop
1691,124,7,2024-11-14,179,False,Tablet
1692,182,16,2024-12-19,102,True,Tablet
1693,85,45,2024-12-20,160,True,Mobile
1694,195,1,2025-05-01,71,False,Smart TV
1695,183,46,2025-02-09,160,True,Tablet
1696,183,19,2025-02-11,47,True,Smart TV
1697,99,15,2025-04-17,69,True,Desktop
1698,150,1,2025-04-08,145,False,Tablet
1699,123,11,2024-11-06,179,True,Smart TV
1700,134,32,2024-06-04,58,False,Tablet
1701,45,25,2025-04-24,31,True,Smart TV
1702,53,18,2024-06-24,45,True,Smart TV
1703,128,41,2025-04-25,149,False,Desktop
1704,94,26,2024-06-15,40,False,Mobile
1705,70,35,2024-07-30,35,False,Mobile
1706,115,16,2024-12-27,80,False,Desktop
1707,177,16,2025-01-05,131,True,Smart TV
1708,142,48,2025-01-24,31,False,Desktop
1709,134,14,2025-01-05,77,True,Tablet
1710,119,1,2025-04-21,177,True,Tablet
1711,30,31,2025-01-20,40,True,Desktop
1712,154,37,2025-04-27,163,True,Mobile
1713,185,50,2024-06-06,64,True,Tablet
1714,1,27,2024-06-28,84,True,Desktop
1715,85,33,2024-12-07,180,True,Desktop
1716,88,36,2024-08-17,94,True,Mobile
1717,194,32,2025-04-28,96,False,Tablet
1718,127,1,2025-04-07,125,False,Mobile
1719,114,44,2024-07-30,61,True,Mobile
1720,196,20,2024-08-18,93,True,Tablet
1721,27,40,2025-01-14,161,False,Smart TV
1722,41,1,2025-04-06,58,False,Desktop
1723,84,31,2024-06-01,167,False,Smart TV
1724,59,31,2024-11-27,109,True,Smart TV
1725,187,48,2024-11-21,130,True,Tablet
1726,196,49,2024-10-07,29,False,Smart TV
1727,166,30,2024-12-12,19,False,Desktop
1728,54,17,2024-12-02,110,True,Tablet
1729,98,36,2025-01-19,70,True,Tablet
1730,71,1,2025-04-26,98,False,Tablet
1731,12,25,2024-05-14,139,True,Tablet
1732,16,1,2025-04-23,152,True,Smart TV
1733,29,48,2025-03-25,98,False,Tablet
1734,39,38,2024-11-29,161,True,Mobile
1735,113,37,2024-07-26,81,True,Smart TV
1736,177,1,2025-04-04,95,False,Smart TV
1737,198,14,2025-01-27,97,True,Tablet
1738,93,44,2024-05-06,81,True,Mobile
1739,36,1,2025-04-18,116,False,Mobile
1740,136,1,2025-05-01,159,True,Mobile
1741,130,21,2024-07-30,140,True,Smart TV
1742,163,1,2025-04-13,38,False,Mobile
1743,137,1,2025-04-13,134,True,Desktop
1744,193,1,2025-04-05,85,True,Desktop
1745,167,12,2024-06-04,162,True,Tablet
1746,6,19,2025-04-28,174,False,Mobile
1747,3,28,2025-02-13,81,False,Smart TV
1748,137,43,2025-01-19,162,False,Desktop
1749,49,14,2024-11-25,61,True,Mobile
1750,200,1,2025-04-01,32,True,Smart TV
1751,59,13,2024-11-27,56,True,Smart TV
1752,60,14,2024-11-01,21,True,Tablet
1753,32,25,2025-04-18,128,False,Desktop
1754,98,1,2025-04-19,65,True,Tablet
1755,152,6,2025-02-01,144,False,Mobile
1756,42,8,2024-08-24,169,True,Smart TV
1757,107,1,2025-04-06,144,True,Smart TV
1758,131,1,2025-05-01,16,True,Tablet
1759,103,7,2024-11-01,107,False,Mobile
1760,112,42,2024-11-29,73,False,Mobile
1761,167,25,2024-09-02,19,False,Smart TV
1762,187,21,2025-04-08,51,False,Desktop
1763,145,1,2025-04-27,135,False,Mobile
1764,153,48,2024-05-28,90,True,Tablet
1765,41,12,2024-08-09,53,False,Desktop
1766,94,8,2025-02-07,22,True,Smart TV
1767,104,17,2024-06-17,97,True,Mobile
1768,85,1,2025-04-30,51,False,Mobile
1769,139,39,2024-08-06,58,True,Mobile
1770,90,6,2024-09-29,31,True,Tablet
1771,119,35,2024-09-18,49,False,Mobile
1772,80,17,2025-02-25,97,False,Smart TV
1773,158,7,2024-08-30,141,False,Desktop
1774,33,9,2025-02-17,72,False,Mobile
1775,184,40,2025-03-09,78,True,Desktop
1776,187,22,2024-05-03,133,False,Smart TV
1777,195,21,2024-09-27,110,False,Mobile
1778,192,25,2024-06-12,27,False,Desktop
1779,4,1,2025-04-05,75,True,Smart TV
1780,3,31,2024-11-06,63,True,Tablet
1781,116,30,2024-06-17,82,True,Mobile
1782,191,50,2024-08-11,101,True,Desktop
1783,66,32,2024-07-24,131,False,Smart TV
1784,196,5,2024-10-26,124,True,Desktop
1785,25,30,2025-03-06,45,True,Smart TV
1786,33,20,2024-09-12,126,True,Mobile
1787,130,1,2025-04-27,71,False,Desktop
1788,188,34,2024-06-28,53,True,Mobile
1789,137,15,2024-05-11,150,True,Desktop
1790,26,41,2024-06-11,173,True,Desktop
1791,139,40,2024-09-26,66,True,Tablet
1792,76,34,2024-09-28,136,True,Desktop
1793,185,1,2025-04-29,79,False,Smart TV
1794,54,40,2024-07-01,32,True,Tablet
1795,36,1,2025-04-07,77,True,Desktop
1796,166,38,2025-01-22,78,False,Mobile
1797,58,18,2025-02-19,117,True,Desktop
1798,53,44,2024-12-11,98,True,Mobile
1799,134,7,2024-06-14,168,True,Tablet
1800,77,35,2024-06-23,131,True,Smart TV
1801,70,3,2024-10-18,80,True,Tablet
1802,110,46,2024-05-12,139,False,Desktop
1803,134,1,2025-04-24,141,False,Tablet
1804,108,1,2025-04-04,86,False,Smart TV
1805,65,22,2024-09-29,79,False,Mobile
1806,4,1,2025-04-24,164,True,Tablet
1807,171,50,2024-05-04,139,True,Tablet
1808,156,43,2024-10-18,25,True,Mobile
1809,148,1,2025-04-20,163,False,Tablet
1810,101,3,2024-11-05,180,False,Tablet
1811,147,3,2024-10-09,175,False,Tablet
1812,172,14,2024-07-15,61,True,Smart TV
1813,26,27,2025-04-17,131,False,Smart TV
1814,92,23,2024-11-02,78,True,Mobile
1815,84,41,2024-12-18,56,True,Smart TV
1816,190,23,2025-02-02,142,False,Smart TV
1817,91,48,2025-01-05,96,False,Mobile
1818,185,1,2025-04-21,174,True,Desktop
1819,194,17,2024-05-04,139,True,Tablet
1820,93,11,2024-11-17,19,True,Smart TV
1821,130,36,2024-12-01,158,True,Tablet
1822,159,13,2025-03-15,38,False,Tablet
1823,68,1,2025-04-14,105,True,Tablet
1824,27,48,2024-12-02,172,True,Mobile
1825,83,29,2025-04-11,77,True,Smart TV
1826,7,45,2025-01-09,77,False,Tablet
1827,166,10,2025-04-25,90,True,Mobile
1828,157,29,2024-10-01,157,True,Desktop
1829,106,1,2025-04-11,162,False,Tablet
1830,192,24,2024-12-18,125,True,Desktop
1831,82,5,2024-05-12,49,True,Desktop
1832,138,7,2024-08-15,136,True,Mobile
1833,155,23,2024-05-07,180,False,Desktop
1834,120,4,2024-09-08,173,True,Tablet
1835,17,11,2025-04-20,158,True,Mobile
1836,89,46,2025-02-15,31,False,Mobile
1837,185,17,2025-04-17,168,True,Desktop
1838,102,29,2024-11-24,152,False,Smart TV
1839,85,33,2024-10-05,51,False,Smart TV
1840,2,4,2024-05-02,106,True,Mobile
1841,158,1,2025-04-08,56,False,Desktop
1842,154,12,2025-01-29,22,True,Tablet
1843,187,1,2025-04-28,118,True,Tablet
1844,105,31,2025-02-20,102,True,Smart TV
1845,91,1,2025-04-03,79,True,Desktop
1846,67,15,2024-11-03,180,True,Smart TV
1847,116,34,2024-12-21,20,False,Mobile
1848,143,1,2025-04-28,58,True,Mobile
1849,2,20,2025-04-17,160,True,Mobile
1850,45,1,2025-04-26,152,True,Smart TV
1851,25,10,2024-06-28,110,True,Tablet
1852,181,50,2025-01-31,144,True,Tablet
1853,8,35,2025-03-01,94,False,Mobile
1854,90,38,2024-08-09,57,False,Tablet
1855,50,40,2024-11-10,131,False,Tablet
1856,115,43,2024-07-22,31,True,Smart TV
1857,37,32,2025-01-25,118,True,Mobile
1858,123,43,2024-05-04,166,True,Mobile
1859,170,34,2024-07-17,162,False,Tablet
1860,194,13,2024-12-08,97,True,Desktop
1861,75,28,2024-10-07,126,True,Tablet
1862,7,21,2024-07-18,138,True,Smart TV
1863,128,50,2024-12-05,29,True,Mobile
1864,49,20,2024-07-05,161,True,Smart TV
1865,190,1,2025-04-30,92,True,Smart TV
1866,138,1,2025-04-08,145,True,Desktop
1867,131,45,2025-04-09,69,True,Desktop
1868,57,5,2024-05-01,67,True,Mobile
1869,12,14,2024-05-14,44,False,Mobile
1870,62,22,2025-01-31,114,False,Smart TV
1871,103,1,2025-04-12,78,True,Smart TV
1872,109,46,2024-06-15,94,True,Smart TV
1873,105,27,2024-10-02,111,True,Desktop
1874,200,39,2025-04-26,175,False,Mobile
1875,179,9,2024-05-27,72,True,Mobile
1876,30,1,2025-04-29,61,True,Desktop
1877,190,44,2024-05-11,116,True,Smart TV
1878,73,17,2025-03-07,45,True,Desktop
1879,23,32,2025-01-19,47,True,Mobile
1880,121,8,2025-01-04,24,False,Desktop
1881,22,5,2024-12-29,126,True,Tablet
1882,190,1,2025-04-10,143,False,Desktop
1883,197,21,2025-04-09,160,True,Desktop
1884,88,17,2025-02-01,104,True,Mobile
1885,101,19,2024-08-16,31,True,Desktop
1886,86,29,2025-04-19,127,True,Desktop
1887,155,36,2025-02-08,51,True,Smart TV
1888,15,1,2025-04-18,147,True,Desktop
1889,186,24,2025-04-12,51,False,Desktop
1890,2,37,2025-04-02,114,False,Mobile
1891,58,3,2024-07-17,154,True,Tablet
1892,147,19,2024-05-15,172,True,Desktop
1893,175,17,2024-11-06,177,True,Desktop
1894,117,24,2025-01-07,51,True,Desktop
1895,100,11,2024-10-25,20,True,Smart TV
1896,37,1,2025-04-09,153,False,Tablet
1897,33,23,2025-01-15,118,True,Tablet
1898,118,29,2024-10-15,133,True,Smart TV
1899,171,47,2024-08-03,67,True,Desktop
1900,146,1,2025-04-03,133,True,Tablet
1901,96,14,2024-10-12,51,True,Tablet
1902,77,50,2024-06-16,120,True,Desktop
1903,87,11,2024-05-29,113,False,Tablet
1904,47,2,2024-05-11,67,True,Desktop
1905,70,44,2024-07-17,54,True,Desktop
1906,39,30,2024-12-27,48,False,Tablet
1907,81,49,2024-06-22,150,False,Mobile
1908,174,1,2025-04-29,20,True,Mobile
1909,85,21,2024-10-31,66,False,Desktop
1910,79,24,2024-06-16,95,True,Tablet
1911,122,12,2024-12-04,92,True,Desktop
1912,39,1,2025-04-14,173,True,Tablet
1913,180,45,2024-12-25,44,False,Desktop
1914,114,1,2025-04-27,112,True,Tablet
1915,44,38,2024-05-14,107,False,Desktop
1916,115,32,2024-05-23,160,True,Smart TV
1917,22,5,2025-01-31,49,True,Tablet
1918,39,1,2025-04-01,177,True,Mobile
1919,91,32,2025-04-23,174,False,Tablet
1920,44,17,2025-01-23,146,True,Mobile
1921,126,11,2025-04-05,76,False,Smart TV
1922,115,22,2025-04-11,84,False,Tablet
1923,169,1,2025-04-27,174,True,Mobile
1924,78,31,2024-10-19,114,True,Smart TV
1925,179,24,2024-08-12,123,True,Smart TV
1926,34,47,2024-12-19,156,True,Smart TV
1927,69,1,2025-04-02,36,False,Smart TV
1928,131,2,2025-02-25,42,True,Desktop
1929,96,1,2025-04-07,37,False,Mobile
1930,186,1,2025-04-04,173,True,Tablet
1931,162,43,2025-03-08,171,True,Desktop
1932,52,6,2025-01-26,38,False,Mobile
1933,1,44,2025-01-02,68,True,Mobile
1934,100,34,2025-01-23,136,False,Tablet
1935,155,31,2024-12-05,166,False,Mobile
1936,114,1,2025-04-29,60,False,Smart TV
1937,37,37,2025-01-25,46,False,Mobile
1938,49,1,2025-04-07,73,True,Smart TV
1939,154,41,2024-12-06,70,True,Smart TV
1940,189,1,2025-04-11,79,True,Desktop
1941,17,1,2025-04-20,30,True,Tablet
1942,21,46,2024-09-15,18,False,Mobile
1943,82,24,2024-05-09,170,False,Mobile
1944,146,21,2024-09-13,106,False,Tablet
1945,95,49,2024-08-24,95,True,Desktop
1946,59,3,2024-05-13,105,True,Tablet
1947,84,26,2024-09-06,133,True,Desktop
1948,189,27,2025-04-19,50,False,Tablet
1949,162,1,2025-05-01,126,False,Desktop
1950,39,12,2025-01-10,39,True,Tablet
1951,39,13,2025-04-20,142,True,Smart TV
1952,141,13,2024-08-25,170,False,Tablet
1953,112,11,2024-08-25,30,True,Mobile
1954,18,46,2024-08-30,170,True,Desktop
1955,133,14,2024-09-30,140,True,Smart TV
1956,162,1,2025-04-10,173,True,Mobile
1957,154,1,2025-04-21,110,False,Desktop
1958,95,31,2025-03-30,19,True,Tablet
1959,64,21,2024-05-14,74,False,Smart TV
1960,163,31,2024-12-09,157,True,Smart TV
1961,179,1,2025-04-01,97,False,Desktop
1962,182,16,2024-12-25,140,True,Mobile
1963,81,7,2024-10-17,52,True,Mobile
1964,136,39,2024-12-16,32,True,Desktop
1965,198,10,2024-10-27,30,True,Desktop
1966,163,1,2025-04-05,173,True,Desktop
1967,70,32,2024-11-22,169,False,Desktop
1968,166,1,2025-04-22,30,False,Desktop
1969,135,19,2024-12-25,111,True,Mobile
1970,77,10,2024-12-01,21,True,Tablet
1971,21,50,2025-02-15,129,True,Desktop
1972,153,21,2025-03-07,85,True,Desktop
1973,181,19,2025-02-07,165,True,Mobile
1974,32,1,2025-04-14,137,True,Smart TV
1975,185,2,2024-06-14,126,True,Tablet
1976,46,49,2025-04-14,179,True,Mobile
1977,131,1,2025-04-16,31,False,Desktop
1978,39,1,2025-04-01,75,True,Smart TV
1979,92,27,2024-11-07,32,True,Mobile
1980,135,26,2024-05-11,54,True,Mobile
1981,54,8,2024-12-19,73,True,Mobile
1982,14,45,2025-01-06,137,True,Desktop
1983,195,10,2025-02-20,143,True,Tablet
1984,194,26,2025-04-22,145,False,Tablet
1985,7,45,2024-10-01,155,True,Desktop
1986,151,1,2025-04-13,140,True,Mobile
1987,149,33,2025-02-06,116,True,Mobile
1988,161,19,2024-12-16,157,True,Tablet
1989,41,49,2024-06-24,80,True,Smart TV
1990,67,42,2024-12-06,130,True,Tablet
1991,53,1,2025-04-19,42,False,Desktop
1992,52,48,2024-11-30,69,False,Smart TV
1993,93,42,2024-06-15,73,True,Smart TV
1994,56,20,2025-04-25,70,False,Smart TV
1995,53,47,2024-10-15,98,True,Tablet
1996,155,32,2024-08-29,158,True,Desktop
1997,20,1,2025-04-04,22,True,Mobile
1998,71,20,2024-09-16,112,False,Desktop
1999,25,1,2025-04-11,63,False,Smart TV
2000,20,42,2025-04-20,91,False,Mobile
